#I; AV_NDA; AV_MLP; AV_EM; AV_BH; AV_NA; AV_PP; AV_JC; AV_JL; AV_JLM; AV_FA; AV_FF; EV_NDA; EV_MLP; EV_EM; EV_BH; EV_NA; EV_PP; EV_JC; EV_JL; EV_JLM; EV_FA; EV_FF; VOTE; AGE; SEXE; ETUDE; PROF; AV; EV; OF
0; 0; 0; 1; 0; 0; 0; 0; 0; 0; 0; 1; None; None; 0.904636414878; None; None; None; None; None; None; None; 0.68653691753; EM; 60; F; S; RET; 3; 2; 3; 
1; 0; 0; 1; 1; 0; 0; 0; 0; 0; 0; 0; 0.1126881424; 0.0; 0.945571264663; 0.576918686607; 0.155549460947; 0.0168947457341; 0.0729437279884; 0.0; 0.0; 0.0; 0.044511464053; EM; 30; F; S; PRI; 3; 0; 3; 
2; 0; 0; 0; 1; 1; 1; 0; 0; 0; 0; 0; 0.0904433332511; 0.0; 0.497375616373; 1.0; 0.582279827388; 0.588449065545; 0.0364445144401; 0.0346555389461; 0.264013539226; 0.0225883809082; 0.0; BH; 50; F; 2; CHO; 3; 3; 2; 
3; 0; 0; 0; 0; 0; 0; 0; 0; 0; 0; 0; None; None; None; None; None; None; None; None; 0.979359129784; None; None; JLM; 60; F; S; PUB; 0; 1; 0; 
4; 0; 0; 0; 1; 0; 0; 0; 0; 1; 0; 0; 0.0; 0.0; 0.350332405595; 0.69881597792; 0.501587706466; 0.498999609803; 0.0; 0.67758705109; 0.816360941032; 0.0; 0.0; JLM; 40; F; S; PUB; 1; 3; 1; 
5; 0; 0; 1; 0; 0; 0; 0; 0; 0; 0; 1; 0.0; None; 0.948993282661; 0.120757858558; None; 0.0; None; None; 0.262824814375; 0.0; 0.757138058551; EM; 30; F; S; PRI; 3; 4; 2; 
6; 0; 0; 1; 1; 0; 0; 0; 0; 0; 0; 0; 0.0238945683941; 0.0151519265503; 0.963523114691; 0.950039005485; 0.504485736805; 0.18178789393; 0.0; 0.022010626011; 0.0155098459346; 0.0379446796363; 0.0386175918161; EM; 70; M; S; RET; 4; 1; 4; 
7; 1; 0; 1; 0; 0; 0; 1; 1; 0; 0; 0; 0.673212484926; 0.0144228618715; 0.773064340069; 0.131701413983; 0.0126586591028; 0.00840566657047; 0.614747070788; 0.531264056392; 0.547128754084; 0.535268390865; 0.046620941743; EM; 50; F; 2; PUB; 3; 4; 1; 
8; 0; 0; 1; 1; 0; 0; 0; 0; 0; 0; 1; 0.475316579992; 0.0; 0.683449075954; 0.535128516068; 0.0899493943023; 0.0941666066137; None; 0.096380841414; 0.392377341517; 0.0; 0.262018422629; EM; 40; F; S; PUB; 2; 3; 1; 
9; 0; 0; 0; 1; 0; 1; 0; 1; 1; 0; 0; 0.137562423437; 0.0; 0.549646759551; 0.732970657717; 0.350832265962; 0.802246210938; 0.341991792585; 0.540355749935; 1.0; 0.0; 0.0; JLM; 18; M; S; ETU; 3; 2; 2; 
10; 0; 0; 0; 0; 1; 1; 0; 1; 0; 0; 0; 0.505177776076; 0.0123914067435; 0.54824698564; 0.516980120483; 0.813418909299; 0.80789000748; 0.480086924873; 0.481391871883; 0.886489324785; 0.508608903288; 0.0; NSPP; 60; NSPP; NSPP; RET; 2; 1; 2; 
11; 0; 0; 0; 1; 0; 1; 0; 0; 1; 0; 0; 0.00876217081785; -0.0189357606964; 0.259994287432; 0.888800504506; 0.499613286711; 0.579480313214; 0.01691086114; 0.0318180950888; 0.952322196731; 0.0; -0.0226059676916; JLM; 40; F; S; PUB; 3; 4; 1; 
12; 0; 0; 1; 1; 0; 0; 0; 0; 1; 0; 0; 0.339529461092; 0.0; 0.705547128108; 0.76262304781; 0.268064547205; 0.282965252059; 0.272369725406; 0.255271919615; 0.698821894757; 0.289011877825; 0.0; BH; 40; F; S; PRI; 2; 3; 2; 
13; 1; 0; 0; 1; 0; 0; 0; 0; 1; 1; 0; 0.592219673224; 0.0644134495072; 0.722551444554; 0.857183661011; 0.311569548215; 0.4702848863; 0.171463822958; 0.397404576746; 0.948353122566; 0.631968139054; 0.252792210743; JLM; 70; M; NSPP; RET; 3; 1; 1; 
14; 0; 0; 1; 1; 0; 0; 0; 0; 0; 0; 0; 0.0420765157659; 0.0; 0.797485952735; 0.959634513543; 0.498374513109; 0.498298030315; 0.501451371604; 0.503336798843; 0.56432117493; 0.499982024643; 0.0; BH; 18; F; S; ETU; 3; 3; 2; 
15; 0; 0; 0; 1; 0; 0; 0; 0; 1; 0; 0; 0.0; 0.0; 0.0028360255165; 1.00038653102; 0.503673708705; 0.503862805878; 0.502191538576; 0.50478818663; 1.00421578668; 0.503056719342; 0.0; JLM; 18; F; 2; PUB; 3; 4; 2; 
16; 0; 0; 1; 0; 0; 0; 0; 0; 0; 0; 1; 0.0; 0.0; 1.0; 0.0; 0.0; 0.0; 0.0; 0.0; 0.0; 0.0; 0.766650036518; EM; 70; F; 2; RET; 2; 3; 3; 
17; 0; 0; 0; 1; 0; 0; 0; 0; 1; 0; 0; 0.0; 0.0; 0.497992931772; 1.0; None; None; None; None; 1.0; None; 0.0; JLM; 60; F; S; PUB; 3; 2; 2; 
18; 0; 0; 0; 1; 0; 0; 0; 0; 1; 0; 0; 0.105883541017; 0.0; 0.321023783958; 0.981726147213; 0.236495187869; 0.252620805927; 0.270682883875; 0.261104790168; 0.708244304225; 0.248646942716; 0.223004329621; JLM; 30; M; S; PRI; 3; 3; 2; 
19; 0; 0; 0; 1; 1; 1; 0; 0; 1; 0; 0; 0.507112966552; 0.0; 0.0; 0.95401362331; 0.954486241128; 0.807420689499; 0.499965492967; 0.497986243541; 0.974696711978; 0.5010667555; 0.0; JLM; 50; F; S; PUB; NSPP; NSPP; NSPP; 
20; 0; 1; 1; 0; 0; 0; 0; 0; 0; 0; 1; None; 0.851119127678; 0.850215570523; None; None; None; None; None; None; None; 0.977464287006; FF; 60; F; S; RET; 3; 4; 1; 
21; 0; 0; 1; 1; 0; 0; 0; 0; 1; 0; 0; 0.0575456260758; 0.0; 0.888598297866; 0.500110834319; 0.50494144607; 0.0840338419722; 0.0; 0.0; 0.504024830533; 0.0932224389699; 0.0; JLM; 60; F; S; RET; 3; 2; 1; 
22; 0; 0; 1; 1; 0; 0; 0; 0; 1; 0; 0; 0.041826476081; 0.0; 0.957236588964; 0.504728153462; 0.0; 0.0; 0.0276940259302; 0.0; 0.563384782258; 0.0; 0.305972971148; EM; 60; F; S; RET; 3; 4; 2; 
23; 0; 0; 0; 1; 0; 0; 0; 0; 1; 0; 0; 0.0; 0.0; 0.0; 1.0; 0.0; 0.0; 0.0; 0.0; 0.749245929885; 0.0; 0.0; JLM; 60; F; S; PUB; 1; 4; 2; 
24; 0; 0; 1; 0; 0; 0; 0; 0; 0; 0; 1; 0.587504269857; 0.010450422502; 1.0; 0.154991160317; 0.0261233983359; 0.0397537490109; 0.0320507186095; 0.323786914073; 0.0226580145556; 0.0287530129076; 0.89169192408; EM; 40; F; S; PRI; 3; 2; 2; 
25; 0; 0; 0; 1; 1; 0; 0; 0; 0; 0; 0; 0.0; 0.0; 0.0; 0.978628542449; 0.718307409998; 0.218799566631; 0.0; 0.0776352741499; 0.219915576748; 0.0; 0.0; BH; 40; F; S; PUB; 3; 4; 1; 
26; 0; 0; 0; 1; 0; 0; 0; 0; 1; 0; 0; 0.0; 0.0; 0.0; 0.741626457714; 0.498213125124; 0.501380111679; 0.505245883035; 0.503266874389; 1.0; 0.0; 0.0; JLM; 18; M; S; ETU; 2; 3; 2; 
27; 0; 0; 1; 1; 1; 1; 0; 0; 1; 1; 0; 0.207298674602; 0.0; 0.492273498024; 1.0; 1.0; 1.0; 0.50484033806; 0.506848418853; 1.0; 1.0; 0.0; JLM; 30; F; S; PUB; 2; 4; 0; 
28; 0; 0; 0; 1; 0; 0; 0; 0; 1; 0; 0; 0.0; -0.177021416741; None; 1.0735218509; None; 0.701777489081; None; None; 0.805267727522; None; -0.145309123426; BH; 40; F; S; PUB; NSPP; NSPP; NSPP; 
29; 0; 0; 0; 1; 0; 1; 0; 0; 1; 0; 0; None; None; 0.289428643343; 0.81786220951; None; 0.657485005467; None; None; 1.0; None; None; JLM; 40; M; S; ART; 3; 4; 1; 
30; 0; 1; 0; 0; 0; 0; 0; 0; 0; 0; 0; 0.0510701540642; 1.0; 0.037731064455; 0.0270587845105; 0.0308728881738; 0.0349662435317; 0.0384968561359; 0.0352442854236; 0.511435300819; 0.0; 0.0246600021794; MLP; 50; F; 2; PUB; 3; 3; 4; 
31; 0; 0; 0; 1; 0; 1; 0; 0; 1; 0; 0; 0.100836626409; 0.0; 0.0710273819169; 0.590745138136; 0.535668195827; 0.589867067338; 0.0; 0.0364067857517; 1.0; 0.0470495124999; 0.0; JLM; 18; M; S; ETU; 2; 4; 0; 
32; 0; 0; 0; 1; 0; 1; 0; 0; 1; 0; 0; 0.0; 0.0; 0.429051063381; 1.0; 0.183250134757; 0.610480860603; 0.498296849779; 0.0803603049654; 0.768350987858; 0.0; 0.0; BH; 18; F; S; ETU; 4; 3; 1; 
33; 0; 1; 0; 0; 0; 0; 1; 1; 1; 0; 0; 0.198365545963; 0.564803976293; 0.215629218066; 0.217537267428; 0.222200905301; 0.226224768285; 0.395440873133; 0.396377686418; 0.956229890453; None; None; JLM; 50; M; 2; CHO; 3; 3; 2; 
34; 0; 0; 0; 1; 0; 0; 0; 0; 1; 0; 0; 0.0175037868731; 0.0; 0.0147468179851; 0.954388089453; 0.70242556818; 0.710907419213; 0.0310749969762; 0.019898596064; 1.0; 0.0; 0.0; JLM; 50; F; S; PUB; 3; 2; 1; 
35; 0; 0; 0; 1; 1; 1; 0; 0; 1; 0; 0; 0.0; 0.0; 0.0; 0.986291206443; 1.0; 1.00869664762; 0.510894069466; 0.50675104954; 0.991594436978; 0.500045614961; 0.0; JLM; 50; M; S; PRI; 3; 4; 2; 
36; 0; 0; 0; 1; 0; 0; 0; 0; 1; 0; 0; 0.53415000751; 0.00754437468607; 0.131358431485; 0.839433029691; 0.129264274745; 0.215874992745; 0.075509869756; 0.533883136718; 0.756160954707; 0.0614942433659; 0.0; JLM; 18; F; S; PRI; 3; 3; 1; 
37; 0; 0; 0; 1; 0; 0; 0; 0; 1; 0; 0; 0.0; 0.0; 0.0; 1.0; 0.491746022499; 0.221338738803; 0.209905601647; 0.0; 1.0; 0.0; 0.0; BH; 30; F; S; PRI; 4; 1; 3; 
38; 0; 0; 0; 1; 1; 1; 0; 0; 1; 0; 0; 0.0; 0.0; None; 0.568553060974; 0.911044864054; 0.915429378642; 0.0; 0.0; 0.641536793735; None; 0.0; NA; 50; F; S; PUB; 3; 3; 3; 
39; 1; 1; 0; 0; 0; 0; 0; 0; 0; 0; 0; 0.668838707218; 0.865260608824; 0.0389300289054; 0.0288497943467; 0.0; 0.0371181844017; 0.0308009751883; 0.0415323092049; 0.0363336114477; 0.0379885516039; 0.0402801198406; MLP; 30; M; 2; PRI; 2; 1; 3; 
40; 0; 0; 1; 1; 0; 0; 0; 0; 0; 0; 0; 0.0; 0.0; 1.0; 0.493680093286; 0.159101071291; 0.231693506151; 0.0; 0.0; 0.296936726193; 0.0; 0.0672205000214; EM; 30; F; S; PRI; 2; 3; 2; 
41; 0; 0; 0; 1; 0; 0; 0; 0; 1; 0; 0; 0.0; 0.0; 0.500435813182; 1.0; 0.501235137549; 0.576167182798; 0.157258393422; 0.495953032593; 0.788771872484; 0.0; 0.0; JLM; 40; M; S; PUB; 3; 2; 3; 
42; 0; 0; 1; 1; 0; 0; 0; 0; 1; 0; 0; 0.184869035739; 0.0; 0.500123376635; 0.859393226435; 0.553902622777; 0.629495470349; 0.0855697856544; 0.284709469177; 0.819663251133; 0.0589170225821; 0.284240032186; BH; 18; M; S; ETU; 3; 2; 2; 
43; 0; 0; 0; 1; 0; 0; 0; 0; 0; 0; 0; 0.340301870825; 0.0; 0.453283492231; 0.863841393545; 0.500272460958; 0.657937530557; 0.139328642419; 0.49949514129; 0.552817391754; 0.219935276875; 0.0; BH; 18; F; S; ETU; 1; 3; 1; 
44; 0; 0; 0; 1; 0; 1; 0; 0; 1; 0; 0; 0.0771025600973; 0.0; 0.0807563068332; 1.0; 0.499614388935; 1.0; 0.501758478173; 0.503803384879; 1.0; 0.499356549439; 0.0699138784441; BH; 40; F; 2; PRI; 3; 3; 3; 
45; 0; 0; 1; 0; 0; 0; 0; 0; 1; 0; 0; None; None; None; None; None; None; None; None; None; None; None; NSPP; NSPP; NSPP; NSPP; NSPP; NSPP; NSPP; NSPP; 
46; 0; 0; 1; 1; 0; 0; 0; 0; 1; 0; 0; 0.509649102128; 0.0294399897637; 0.822595662968; 0.666795219792; 0.503707603005; 0.554855487602; 0.501111188146; 0.412140935634; 0.612752705099; 0.43205720809; 0.509190930916; EM; 18; M; 2; ETU; 2; 3; 2; 
47; 0; 0; 1; 1; 0; 0; 0; 0; 1; 0; 1; 0.0; 0.0; 0.723354554796; 0.498220217326; 0.0; 0.0; 0.0; 0.0; 0.864296158517; 0.0; 0.302047352893; JLM; 40; M; S; ART; 2; 2; 4; 
48; 0; 0; 1; 1; 0; 0; 0; 1; 0; 0; 0; 0.213340904837; 0.0; 1.0; 0.817299425168; 0.299577418104; 0.284727886863; 0.13553122058; 0.600263550016; 0.0; 0.0; 0.0; EM; 40; M; 2; AUT; 2; 4; 3; 
49; 0; 0; 0; 1; 0; 1; 0; 0; 1; 0; 0; 0.0; 0.0; 0.0682921966666; 1.0; 0.619533672112; 0.713233286439; 0.509224580386; 0.501205191246; 1.00578817734; 0.505960698041; 0.0; JLM; 50; M; S; PRI; 2; 4; 0; 
50; 0; 0; 1; 0; 0; 0; 0; 0; 0; 0; 0; 0.512326324676; 0.0; 1.0; 0.0; 0.0; 0.0; 0.500370933359; 0.499021081288; 0.0; 0.0; 0.763949242148; EM; 60; M; S; ART; 2; 2; 2; 
51; 0; 0; 0; 1; 0; 0; 0; 0; 1; 0; 0; 0.0; 0.0; 0.279492567613; 1.0; 0.112438598742; 0.124166238016; 0.0; 0.0; 0.670629913828; 0.0; 0.0; JLM; 30; F; S; PUB; 3; 4; 1; 
52; 0; 0; 0; 0; 0; 0; 0; 0; 1; 0; 0; None; None; None; None; None; None; None; None; 0.91882389307; None; None; JLM; 18; F; S; PRI; 2; 2; 2; 
53; 0; 1; 0; 0; 0; 0; 0; 0; 0; 0; 1; 0.502958332513; 0.771415926853; 0.505614062092; 0.509953922943; 0.159532420142; 0.508739650855; 0.500330120857; 0.499193670219; 0.082192591991; 0.50088005191; 0.978515615352; FF; 40; F; 2; PUB; 3; 2; 2; 
54; 0; 0; 0; 1; 0; 0; 0; 0; 1; 0; 0; 0.0; 0.0; 0.188561382131; 1.0; 0.500740132402; 0.499755627702; 0.0; 0.0; 0.759857121892; 0.0; 0.0; BH; 60; F; S; RET; 2; 1; 1; 
55; 0; 0; 0; 1; 1; 1; 0; 0; 1; 0; 0; 0.498747472009; 0.0; 0.524364654518; 0.579023146723; 0.677879975037; 0.727837688959; 0.495058242477; 0.0; 0.816821552221; 0.609492653118; 0.0; JLM; 18; F; S; ETU; 4; 2; 4; 
56; 0; 0; 1; 0; 0; 0; 0; 0; 0; 0; 0; 0.495779086422; 0.0; 1.0; 0.706043764703; 0.151936665493; 0.0; 0.120315873038; 0.140700801879; 0.261881650848; 0.495007832096; 0.0; EM; 40; F; S; ART; 4; 2; 4; 
57; 0; 0; 0; 1; 0; 0; 0; 0; 1; 0; 0; 0.0; 0.0; 0.0; 0.606412623791; 0.501428852953; 0.50372483393; 0.0; None; 0.977434125678; 0.0; 0.0; JLM; 18; F; S; CHO; 2; 3; 2; 
58; 0; 0; 0; 0; 0; 0; 0; 0; 0; 0; 0; 0.0; 0.0803460798711; 0.150103310327; 0.233104960011; 0.133354979917; 0.138437734047; 0.134874413825; 0.142819914769; 0.242785104499; 0.13524445004; 0.252776554904; B; 40; F; S; PRI; 3; 3; 1; 
59; 0; 0; 1; 1; 0; 0; 0; 0; 0; 0; 0; 0.0; 0.0; 0.810928551188; 0.437551976597; 0.036986119207; 0.0; 0.0; 0.0227445034117; 0.0; 0.0; 0.0; EM; 60; F; S; RET; 2; 3; 2; 
60; 0; 0; 0; 1; 0; 0; 0; 0; 1; 0; 0; 0.395810453128; 0.0; 0.0; 0.946356402165; 0.302312675808; 0.585234257646; 0.319275256201; 0.324798782733; 0.955049159138; 0.352234064711; 0.0; JLM; 50; F; 2; PRI; 1; 2; 1; 
61; 0; 0; 1; 1; 0; 0; 0; 0; 0; 0; 0; 0.0; 0.0; 0.860329747047; 0.863654233295; 0.102366243305; 0.101434852317; 0.0876166710228; 0.09442083317; 0.0; 0.0758180513878; 0.0; EM; 50; F; S; ART; 4; 2; 2; 
62; 0; 1; 0; 0; 0; 0; 0; 0; 1; 0; 0; 0.414879101133; 0.938612445059; 0.528414253949; None; 0.362924418503; None; None; None; 0.720522437557; None; 0.127032055571; MLP; 18; M; 2; CHO; 3; 3; 4; 
63; 0; 0; 1; 1; 0; 0; 0; 0; 0; 0; 0; 0.0969368290052; 0.0; 1.0; 0.762955719267; 0.0362112456002; 0.0272862614021; 0.0330241888305; 0.0; 0.629438950746; 0.0225757637724; 0.533121687632; EM; 18; F; S; ETU; 3; 1; 3; 
64; 0; 0; 1; 1; 1; 1; 0; 0; 1; 0; 0; 0.0; 0.0; 0.638049508254; 0.637325177271; 0.7553592455; 0.534513471387; 0.0; 0.500146868723; 0.869965235207; 0.500973081522; 0.0; JLM; 18; F; S; PRI; 3; 3; 2; 
65; 0; 0; 0; 0; 0; 0; 0; 0; 1; 0; 0; None; None; None; 0.530890096966; None; 0.465298951986; None; None; 0.984398439844; None; None; JLM; 18; F; 1; PRI; 2; 1; 3; 
66; 0; 0; 0; 1; 0; 0; 0; 0; 1; 0; 0; 0.0; 0.0; 0.418423857815; 0.986180924963; 0.229627155597; 0.227965332587; 0.0753966104594; 0.079596217302; 1.0; 0.0696139498356; 0.0353111532062; JLM; 18; M; S; ETU; 4; 3; 2; 
67; 0; 0; 1; 1; 0; 0; 0; 0; 1; 0; 0; None; None; 0.635169887905; 0.956562480553; 0.500108191665; 0.502400232488; 0.12432459865; 0.51535197292; 0.670713499921; 0.501471698113; None; EM; 50; F; S; PRI; 3; 3; 2; 
68; 0; 0; 0; 1; 0; 0; 0; 0; 1; 0; 0; 0.477724984198; 0.0; 0.261793124811; 1.0; 0.505623004844; 0.610223947156; 0.28882630678; 0.11308253464; 1.0; 0.0688736542435; 0.0; JLM; 18; F; S; PRI; 4; 2; 2; 
69; 0; 0; 0; 1; 1; 1; 0; 0; 1; 0; 0; None; None; None; None; None; None; None; None; None; None; None; BH; 60; M; S; NSPP; 1; NSPP; NSPP; 
70; 0; 1; 1; 0; 0; 0; 0; 0; 0; 0; 1; 0.500062529894; 0.773690612894; 0.505249111066; 0.0; 0.0; 0.0; 0.0; 0.0; 0.0; 0.0; 1.0; FF; 18; M; S; PRI; 3; 2; 3; 
71; 0; 0; 0; 1; 0; 0; 0; 0; 1; 0; 0; -0.0142122487144; 0.0238880457229; 0.0; 1.0; 0.486437737445; 0.492301120558; 0.480866286748; 0.486346077629; 1.0; 0.00205596229064; 0.0183845384292; BH; 60; F; 2; PRI; 2; 2; 2; 
72; 0; 0; 1; 1; 0; 0; 0; 0; 0; 0; 0; None; None; 0.857027639527; 0.702149524876; None; None; None; None; None; None; None; EM; 60; M; 2; RET; 4; 3; 2; 
73; 0; 0; 0; 1; 1; 1; 0; 0; 1; 0; 0; 0.562090315156; 0.0; 0.639486371222; 0.71371138165; 1.0; 1.0; 0.499853824915; 0.496934551119; 1.0; 0.310041259189; 0.0; NSPP; 18; F; S; PUB; 3; 3; 1; 
74; 0; 0; 1; 1; 0; 0; 0; 0; 0; 0; 0; 0.0; 0.0; 1.0; 0.821780729531; 0.239708142365; 0.497730702603; 0.102827984906; 0.0; 0.500684063144; 0.0; 0.0; EM; 30; F; S; ART; 4; 4; 3; 
75; 0; 0; 0; 1; 0; 0; 0; 1; 1; 0; 0; 0.360284809722; 0.0; 0.00861022111123; 0.642037226799; 0.350969065584; 0.499695699755; 0.496550908498; 0.670715291211; 1.0; 0.561608545155; 0.0; JLM; 18; M; S; PRI; 3; 4; 0; 
76; 0; 0; 0; 1; 0; 0; 0; 0; 0; 0; 0; 0.0709619246859; 0.0; 0.682427791635; 0.962633773631; 0.0915878434294; 0.0847221388892; 0.0687094984243; 0.0709843457663; 0.0803422507319; 0.08895312423; 0.0; BH; 70; M; S; RET; 3; 3; 2; 
77; 0; 0; 0; 1; 0; 0; 0; 0; 1; 0; 0; 0.0422352397842; None; 0.473232270211; 0.776562709941; 0.468276214014; 0.457242779055; None; None; 0.903058570307; None; None; JLM; 30; F; S; CHO; 4; 3; 1; 
78; 0; 0; 1; 1; 0; 0; 0; 0; 0; 0; 0; None; -0.0395142422104; 0.865453982533; 0.831002265006; 0.0627959391507; 0.0; None; 0.0332606886493; 0.367125220949; 0.0838398811641; 0.0; EM; 18; M; S; ETU; 3; 1; 3; 
79; 0; 0; 0; 1; 0; 0; 0; 0; 1; 0; 0; 0.0; 0.0; 0.246285214138; 0.72822144513; 0.254810547066; None; 0.250128538768; 0.252194728809; 1.0; None; 0.0; JLM; 18; M; S; PRI; 4; 2; 2; 
80; 0; 0; 0; 0; 0; 0; 0; 0; 1; 0; 0; 0.0204643553377; 0.0; 0.123260533355; 0.234227119942; 0.324419745587; 0.311580836747; 0.0151665912533; 0.00737792291021; 1.0; 0.0121768540108; 0.0; JLM; 60; M; NSPP; AUT; 3; 3; 2; 
81; 0; 0; 1; 1; 0; 1; 0; 1; 1; 0; 0; None; None; None; 0.91590560989; 0.361510800848; 0.360699069813; None; 1.0; 0.918560877277; None; None; JLM; 50; M; 2; AUT; 3; 4; 2; 
82; 0; 0; 0; 1; 0; 0; 0; 0; 0; 0; 0; None; None; 0.459041779411; 1.0; 0.285493369216; 0.280693582609; 0.191005332227; 0.0; 0.28358481103; 0.0; 0.0; BH; 50; F; S; PRI; 2; 4; 2; 
83; 0; 0; 1; 1; 0; 0; 0; 0; 0; 0; 0; 0.502108859583; 0.0314836569046; 0.948628799209; 0.723725091647; 0.151653833114; 0.155100207808; 0.0405562468929; None; 0.372473926316; 0.164138348608; 0.171856841473; EM; 50; F; S; PUB; 2; 1; NSPP; 
84; 0; 0; 1; 1; 0; 1; 0; 0; 1; 0; 0; None; None; 0.55091325572; 0.630310964412; None; 0.540502357143; None; None; 0.718527344993; None; None; JLM; 60; F; S; RET; 3; 3; 2; 
85; 0; 0; 0; 1; 0; 0; 0; 0; 1; 0; 0; 0.0; 0.0; 0.586348766542; 1.0; 0.527192663666; 0.563415016212; 0.0; 0.0; 0.823373676314; 0.0; 0.0; BH; 40; F; S; ART; 1; 4; 1; 
86; 0; 0; 1; 1; 0; 0; 0; 0; 0; 0; 0; 0.499982951564; 0.00544636514326; 0.582179528483; 0.670780247074; 0.50623042446; 0.510855136048; 0.492935170389; 0.509310043822; 0.504166250961; 0.502087173426; 0.0; EM; 60; F; 2; AUT; 3; 4; 2; 
87; 0; 0; 0; 0; 0; 0; 0; 0; 1; 0; 0; 0.0529016757142; 0.011295199764; 0.0493731005052; 0.0614871483305; 0.0472655237531; 0.915790700663; 0.0; 0.0; 1.02298934569; 0.0140279232265; 0.510954996552; JLM; 18; M; S; PUB; 3; 0; 4; 
88; 0; 0; 1; 1; 0; 0; 0; 0; 0; 0; 0; 0.0; 0.0; 0.501921207219; 1.0; 0.0882404623549; 0.0863277832132; 0.0; 0.0961547853047; 0.399994949416; 0.0; 0.0; BH; 40; M; S; PUB; 4; 4; 0; 
89; 0; 0; 1; 1; 0; 0; 0; 0; 1; 0; 0; None; None; 0.706499024813; 1.0; 0.311509281789; 0.315362436597; None; 0.0; 0.69161660809; None; 0.034107833295; BH; 40; M; S; PUB; NSPP; NSPP; 3; 
90; 0; 0; 0; 1; 0; 0; 0; 0; 1; 0; 0; 0.0; 0.0; 0.578529437426; 0.874383042601; 0.924686911096; 0.90042739726; 0.498147857306; 0.495808808406; 1.0; 0.108534634037; 0.0; JLM; 40; F; S; PRI; 2; 1; 1; 
91; 0; 0; 0; 1; 0; 0; 0; 0; 0; 0; 0; None; 0.0; 0.570201053403; 1.0; None; 0.495862266189; None; None; 0.326331445199; None; 0.113783225757; BH; 18; F; S; ETU; 1; 3; 1; 
92; 0; 0; 1; 1; 0; 1; 0; 0; 1; 0; 0; None; 0.0; 0.892150869579; 0.823666036135; None; 0.51418728036; None; None; 0.905049431574; None; 0.0; JLM; 18; F; S; CHO; 2; 3; 2; 
93; 0; 0; 0; 0; 0; 0; 0; 0; 1; 0; 0; None; None; None; None; None; None; None; None; 1.00407472086; None; None; NSPP; NSPP; NSPP; NSPP; NSPP; NSPP; NSPP; NSPP; 
94; 0; 0; 0; 1; 0; 0; 0; 0; 0; 0; 0; None; None; None; 0.990101389774; None; None; None; None; None; None; None; FF; NSPP; NSPP; NSPP; NSPP; NSPP; NSPP; NSPP; 
95; 0; 0; 1; 0; 0; 0; 0; 0; 0; 0; 0; 0.0; 0.0; 1.0; 0.551741467842; None; None; None; None; 0.339688608997; None; 0.0; EM; 50; M; S; PRI; 3; 3; 3; 
96; 0; 0; 0; 0; 0; 0; 0; 0; 1; 0; 0; 0.0; 0.0; 0.0558430029444; 0.505103427155; 0.428428771693; 0.423636182057; 0.0; 0.0; 1.0; 0.0; 0.0; JLM; 50; M; 2; ART; 3; 3; 0; 
97; 0; 0; 0; 1; 0; 0; 0; 0; 0; 0; 0; 0.143403235845; None; 0.506560323652; 0.856145272526; 0.152182544016; 0.248775091824; None; None; 0.506682582236; None; None; BH; 40; M; S; PRI; 2; 3; 2; 
98; 0; 0; 0; 1; 0; 0; 0; 0; 0; 0; 0; 0.0; 0.0; 0.231529294857; 1.0; 0.0638798747602; 0.064461067984; 0.0; 0.0; 0.226264394407; 0.0; 0.0; BH; 40; F; 2; CHO; 3; 3; 2; 
99; 0; 0; 0; 1; 0; 0; 0; 0; 1; 0; 0; 0.0; 0.0; 0.439165909157; 1.0; 0.542867386162; 0.551529283572; 0.0; 0.0; 0.915957314453; 0.0; 0.117248902716; JLM; 30; M; S; PUB; 3; 2; 1; 
100; 0; 0; 1; 0; 0; 0; 0; 0; 0; 0; 0; 0.0; 0.0; 0.952204620983; 0.108708938245; 0.0; 0.0; 0.0; 0.0; 0.0465913530725; 0.0; 0.0; EM; 18; F; S; ETU; 2; 3; 1; 
101; 0; 0; 1; 1; 0; 0; 0; 0; 0; 0; 0; 0.33501234755; 0.0; 1.0; 0.723356792986; 0.494927495718; 0.130931326149; 0.314045812619; 0.498791064947; 0.0326097314056; 0.179531362734; 0.366139689659; EM; 30; M; 2; PRI; 3; 2; 4; 
102; 0; 0; 0; 1; 0; 0; 0; 0; 0; 0; 0; 0.0; 0.0; 0.745680525609; 0.970708142961; 0.235879429747; 0.22617430183; 0.227905007661; 0.232419773403; 0.742292471873; 0.237185384922; 0.0; BH; 60; F; S; RET; 3; 3; 2; 
103; 1; 1; 0; 0; 0; 0; 0; 0; 0; 0; 0; 0.945822845673; 0.943900775236; 0.0; 0.0; 0.0; 0.0; 0.0910436450902; 0.492938118352; 0.0; 0.501999492161; 0.266610093363; NDA; 70; M; S; RET; 3; 3; 3; 
104; 0; 0; 0; 1; 0; 0; 0; 0; 1; 0; 0; 0.50415425987; 0.0; 0.420528554983; 1.0; 0.37052991767; 0.498628275782; 0.486318571166; 0.501725669945; 0.933268218371; 0.533101538071; 0.0125133131223; BH; 30; M; S; PUB; 3; 4; 1; 
105; 0; 0; 0; 1; 0; 0; 0; 0; 1; 1; 0; 0.679085346706; None; 0.59859497816; None; 0.509055216081; 0.504477549042; 0.493033051564; 0.50085488096; 0.609967811647; 0.508316908774; 0.489651064486; BH; 40; F; NSPP; NSPP; 4; 1; 2; 
106; 0; 0; 0; 1; 1; 1; 0; 0; 1; 0; 0; 0.122917210238; 0.0; 0.535186997509; 0.759738021985; 0.658864751213; 0.706550451977; 0.500594944748; 0.505810950976; 0.924405944338; 0.49958994787; 0.209489800397; JLM; 30; F; S; PRI; 3; 2; 2; 
107; 0; 0; 0; 0; 0; 0; 0; 0; 1; 0; 1; 0.505840759644; 0.608585973757; 0.0888318093505; 0.196903819302; 0.0; 0.0; 0.0; 0.501829289598; 1.0; 0.0; 0.659543276235; JLM; 18; M; S; PRI; 3; 2; 3; 
108; 0; 0; 0; 1; 0; 0; 0; 0; 0; 0; 0; None; 0.0; 0.49624385934; 1.0; 0.226106135112; 0.228658844549; 0.377071300995; 0.0; 0.760059449201; 0.0; 0.0; BH; 40; M; S; PUB; 3; 4; 2; 
109; 1; 0; 0; 0; 0; 0; 0; 0; 0; 0; 0; 0.849267312412; 0.0363003566277; 0.098361951329; 0.0933318636347; 0.0391696721393; 0.0595146109058; 0.0562145989555; 0.0633728343613; 0.508096897157; 0.508968273904; 0.679366881138; NDA; 60; F; 2; RET; NSPP; NSPP; NSPP; 
110; 0; 0; 0; 0; 0; 0; 0; 0; 1; 0; 0; None; 0.0; 0.294803725357; 0.580107564094; None; None; None; None; 1.0; None; 0.0; JLM; 50; F; S; PUB; 3; 3; 1; 
111; 0; 1; 0; 1; 0; 0; 0; 0; 1; 0; 0; 0.372469756307; 0.697420697286; 0.0; 0.710817842434; 0.000209836500336; 0.355060618624; 0.355200678295; 0.501066588442; 1.0; 0.376246224767; 0.0; JLM; 18; F; S; ETU; 1; 3; 1; 
112; 0; 0; 1; 1; 0; 0; 0; 0; 0; 0; 0; 0.604464346387; 0.0; 1.0; 0.867069584096; 0.0188090142264; 0.0; 0.0; -0.0193948611702; 0.710599423852; 0.0; 0.375575832282; EM; 30; M; S; ART; 3; 4; 2; 
113; 0; 0; 1; 1; 0; 0; 0; 0; 1; 0; 0; None; 0.0; 1.0; 0.908601945813; None; None; None; None; 0.801084770738; None; 0.0; EM; 50; F; S; PUB; 3; 4; 3; 
114; 0; 0; 0; 1; 0; 0; 0; 0; 0; 0; 0; 0.0820011167287; 0.0; 0.3863511327; 1.0; 0.0; 0.228176310452; 0.0794063534895; 0.186324827157; 0.508291526131; 0.344293653613; 0.0; BH; 60; F; S; ART; 2; 4; 1; 
115; 0; 0; 0; 1; 0; 0; 0; 0; 1; 0; 0; None; 0.0127755925175; 0.236877024166; 0.70237308257; 0.236174642122; 0.234922658963; None; None; 1.0; None; 0.0; JLM; 60; M; S; RET; 3; 2; 2; 
116; 0; 0; 1; 0; 0; 0; 0; 0; 0; 0; 1; 0.116385987759; 0.0; 0.83794869286; 0.348429249634; 0.195465974358; 0.124235575677; 0.124727059888; 0.126923688906; 0.211470351285; 0.137340454741; 0.547712817678; EM; 40; M; S; ART; 3; 1; 2; 
117; 0; 0; 1; 0; 0; 0; 0; 0; 1; 0; 0; 0.498667991352; 0.497902257033; 0.981711405879; 0.506118910695; 0.498966498862; 0.504545552374; 0.50650392707; 0.508939541144; 0.964894492367; 0.502710883129; 0.494909984642; EM; 18; NSPP; S; PRI; 4; 3; 4; 
118; 0; 0; 0; 0; 1; 1; 0; 0; 1; 0; 0; 0.0; 0.0; 0.0; 0.0647447947516; 0.765225984048; 0.764563374404; 0.0578954186369; 0.26841893199; 0.633444037262; 0.0; 0.0; JLM; 18; F; S; ETU; 2; 3; 1; 
119; 0; 0; 1; 1; 0; 0; 0; 0; 0; 0; 0; 0.504418096783; 0.0399639502308; 0.908939732852; 0.954038188005; 0.26606487125; 0.264145389155; 0.262873108297; 0.261722384832; 0.261116345734; 0.495343601789; 0.454561866952; EM; 30; F; S; ART; 4; 3; 2; 
120; 0; 0; 1; 0; 0; 0; 0; 0; 0; 0; 1; 0.0; 0.0; 0.788128742365; 0.407031634397; 0.0; 0.0; 0.0; 0.0; 0.0; 0.0; 0.554117080797; EM; 30; F; S; PUB; 3; 4; 2; 
121; 0; 0; 1; 0; 0; 0; 0; 0; 1; 0; 1; 0.493038779379; 0.00554101903255; 1.0; 0.224931586424; 0.199976453644; 0.194245099372; 0.181828083003; 0.179674717267; 0.176546361026; 0.173134217507; 1.0; EM; 30; M; S; PRI; 3; 3; 2; 
122; 0; 0; 0; 1; 0; 0; 0; 0; 1; 0; 0; 0.0; 0.0; 0.594024877056; 1.0; 0.509374337038; 0.588833286402; 0.0; 0.0; 1.0; 0.503767676105; 0.0; JLM; 40; F; S; PRI; 2; 3; 1; 
123; 0; 0; 0; 1; 0; 0; 0; 0; 1; 0; 0; 0.0; 0.0; 0.163487492492; 1.0; 0.543267342087; 0.549675729971; 0.0; 0.500858294574; 1.0; 0.0; 0.0; JLM; 60; M; S; CHO; 4; 3; 1; 
124; 0; 0; 1; 1; 0; 1; 0; 0; 1; 0; 0; 0.0; -0.0274283657208; 0.761341555807; 1.0; 0.49897326672; 0.660939506331; 0.500875762938; 0.286019416402; 0.781681905421; 0.50412160225; 0.0351431780104; BH; 18; F; S; ETU; 3; 3; 2; 
125; 0; 0; 1; 1; 0; 0; 0; 0; 0; 0; 1; None; None; None; None; None; None; None; None; None; None; None; EM; 40; F; S; PUB; 3; 0; 2; 
126; 0; 0; 0; 1; 0; 0; 0; 0; 1; 0; 0; 0.498515877034; 0.0; 0.24395832447; 1.0; 0.49814612868; 0.732524653111; 0.499874099814; 0.501633126564; 1.0; 0.494737150157; 0.0; JLM; 18; F; S; PUB; 3; 4; 3; 
127; 0; 0; 1; 1; 0; 0; 0; 0; 0; 0; 0; None; None; 1.0; 0.725502897115; None; None; None; None; None; None; None; EM; 40; M; S; PRI; 3; 3; 1; 
128; 0; 0; 1; 1; 0; 0; 0; 0; 1; 0; 0; 0.0; 0.0; 0.897771035255; 0.662339655463; 0.0282568807339; 0.149898147101; 0.0; 0.0; 0.812635607968; 0.0; 0.0474991892136; EM; 40; F; S; ART; 3; 3; 2; 
129; 0; 0; 1; 1; 0; 0; 0; 0; 0; 0; 0; 0.092515631732; 0.0; 0.765934024696; 1.0; 0.504567915652; 0.138300269053; 0.145116480116; 0.150409543679; 0.622135401135; 0.501961148881; 0.0; BH; 30; F; S; PRI; 3; 3; 2; 
130; 0; 0; 1; 1; 0; 0; 0; 0; 0; 0; 0; None; None; 0.884202462719; 0.617188409807; None; None; None; None; None; None; None; EM; 40; M; S; PRI; 1; 3; 3; 
131; 0; 0; 0; 0; 0; 0; 0; 0; 0; 0; 0; 0.111057434009; 0.0; 0.0933474449527; 0.150158797647; 0.0452025738661; 0.172579549409; 0.0; 0.0; 0.175266848207; 0.0; 0.0; B; 60; F; 2; RET; 2; 4; 1; 
132; 0; 0; 0; 1; 1; 1; 0; 0; 1; 0; 0; 0.0; 0.0; 0.154678851749; 1.0; 0.808731028652; 0.833269895505; 0.1539434768; 0.170038385725; 0.842897907507; 0.183646010649; 0.0; JLM; 30; M; S; PRI; 3; 4; 1; 
133; 0; 0; 0; 0; 1; 1; 1; 0; 1; 0; 0; 0.0; 0.0450564688375; 0.0396954592836; 0.496962603633; 0.947925959527; 0.948646100579; 0.970368291195; 0.492193470572; 1.00567375887; 0.484442746441; 0.0189099347717; NSPP; 60; M; 2; PRI; 4; 4; 4; 
134; 0; 0; 1; 1; 0; 0; 0; 0; 0; 0; 0; 0.0; 0.0; 0.786001325607; 0.790413102577; 0.504912531061; 0.497666639883; 0.0; None; 0.493570876297; 0.0; None; EM; 30; F; S; PUB; 4; 2; 2; 
135; 0; 0; 0; 1; 0; 0; 0; 0; 0; 0; 0; 0.0; 0.0; 0.747701911682; 1.0; 0.0; 0.0; 0.0; 0.0; 0.740638683821; 0.0; 0.0; BH; 30; M; S; PRI; 3; 3; 3; 
136; 0; 0; 0; 0; 0; 0; 0; 0; 1; 0; 0; None; None; None; 0.73140254283; None; None; None; None; 1.0; None; None; NSPP; 60; M; S; RET; 2; 3; 0; 
137; 0; 0; 1; 0; 0; 0; 0; 0; 0; 0; 0; 0.0; 0.0; 0.697986325596; 0.436450819597; 0.105031006567; 0.109479448908; 0.0; 0.0; 0.145356290825; 0.0; 0.0; EM; 60; M; S; ART; 2; 3; 2; 
138; 0; 0; 0; 1; 1; 1; 0; 0; 1; 0; 0; 0.227078028998; 0.0; 0.501930554018; 0.504065438776; 0.663367330201; 0.658459822693; 0.181314336762; 0.197957726444; 0.984544610744; 0.0481949929539; 0.203457708949; JLM; 40; F; S; PUB; 2; 3; 3; 
139; 0; 0; 0; 0; 0; 0; 0; 0; 0; 0; 0; None; None; None; None; None; None; None; None; None; None; None; NSPP; NSPP; NSPP; NSPP; NSPP; NSPP; NSPP; NSPP; 
140; 0; 0; 0; 1; 0; 0; 0; 0; 0; 0; 0; 0.0; 0.0; 0.105009832822; 1.0; 0.0; 0.0; 0.0; 0.0; 0.0898628619054; 0.0; 0.0; BH; 30; M; S; PRI; 3; 1; 3; 
141; 0; 0; 0; 0; 0; 1; 0; 0; 1; 0; 0; 0.0; 0.0; 0.0; 0.0; 0.0; 1.0; 0.0; 0.0; 1.0; 0.0; 0.0; JLM; 18; F; S; ETU; 4; 4; 0; 
142; 0; 0; 0; 1; 1; 0; 0; 0; 1; 0; 0; 0.0; 0.0; 0.502364333624; 0.715604504595; 0.701908605735; 0.490569142303; 0.0; 0.0; 1.0; 0.0; 0.0; JLM; 50; F; S; AUT; 3; 4; 2; 
143; 0; 0; 1; 1; 0; 0; 0; 0; 0; 0; 0; 0.0360122978329; 0.0366191462616; 0.801441678324; 0.773255512081; 0.51146012371; 0.518774611143; 0.0336382467019; 0.0767018111668; 0.51271517279; 0.0299583373704; 0.0113879176379; EM; 70; F; S; RET; 3; 2; 2; 
144; 0; 0; 0; 1; 0; 1; 1; 1; 1; 0; 0; 0.158715797127; 0.0; 0.293314157969; 0.294235613175; 0.0; 0.502714109725; 0.542956110307; 0.547090555453; 0.745231220538; 0.0; 0.0; JLM; 18; M; S; NSPP; 3; 1; 2; 
145; 0; 0; 0; 1; 1; 1; 0; 0; 1; 0; 0; None; None; 0.785613365722; 0.815700441106; None; 0.783002955264; None; None; 0.860334126548; None; None; JLM; 50; F; 2; ART; 3; 2; NSPP; 
146; 0; 0; 1; 0; 0; 0; 0; 0; 0; 0; 0; 0.0721709673042; 0.0129801738296; 1.0; 0.72556901065; 0.387281669742; 0.388577057753; 0.0186190111189; 0.0318974151833; 0.384855641051; 0.0438919345631; 0.0; EM; 60; F; S; RET; 3; 2; 3; 
147; 0; 0; 0; 1; 0; 0; 0; 0; 1; 0; 0; 0.513538900185; 0.0; 0.659588068321; 1.0; 0.504703878534; 0.503090144649; 0.495324888853; 0.505234858888; 0.731546141238; 0.494066608567; 0.0161810848416; EM; 40; M; 2; PRI; 3; 2; 2; 
148; 0; 0; 0; 1; 0; 0; 0; 0; 1; 0; 0; 0.0; 0.0; 0.253899934795; 1.0; 0.514339043082; 0.522144416834; 0.0; 0.0; 1.0; 0.0; 0.0; BH; 70; F; S; RET; 4; 2; 1; 
149; 0; 0; 1; 1; 1; 0; 0; 0; 0; 0; 0; 0.30018711315; 0.0; 0.678683722784; 0.744270564825; 0.538194318491; 0.542949745313; 0.0; 0.0; 0.303091069899; 0.0; 0.183308800289; EM; 50; M; S; PRI; 2; 3; 1; 
150; 0; 0; 0; 0; 0; 0; 0; 0; 1; 0; 0; None; None; None; 0.664686490151; None; 0.965117560951; None; None; 1.0; None; None; JLM; 40; F; NSPP; ART; NSPP; NSPP; 2; 
151; 0; 0; 0; 1; 1; 1; 0; 0; 1; 0; 0; 0.0; 0.0; 0.49190937979; 0.988235595896; 0.616606377419; 0.59074717556; 0.234356212401; 0.203249070701; 0.987664359757; 0.256478319637; 0.0; JLM; 18; M; S; ETU; 4; 2; 1; 
152; 0; 0; 0; 1; 0; 1; 0; 0; 1; 0; 0; 0.0379711322161; 0.0; 0.741490757521; 0.968229289528; 0.497568811832; 0.747455528448; 0.11602655721; 0.112959006202; 0.941868062637; 0.126562473538; 0.0; JLM; 18; F; S; ETU; 4; 2; 2; 
153; 0; 0; 0; 1; 0; 1; 0; 0; 0; 0; 0; None; 0.0; 0.0; 0.760067222489; 0.496997767032; 0.855366629619; None; None; 0.578082431941; None; 0.0; BH; 18; NSPP; S; ETU; NSPP; NSPP; NSPP; 
154; 0; 0; 1; 1; 0; 0; 0; 0; 0; 0; 0; 0.0380340348256; 0.0200658919814; 0.766502688645; 0.949757027901; 0.0394128128872; 0.0351315819902; 0.0425202869757; 0.0484241938341; 0.504330106979; 0.0430303564454; 0.0386861696972; EM; 50; M; S; PRI; 3; 2; 2; 
155; 0; 0; 0; 1; 1; 1; 0; 0; 1; 0; 0; None; None; 0.214838129086; 0.49255460623; 0.368119403427; 0.621966490217; None; None; 0.852189613907; None; None; JLM; 40; M; S; PUB; 4; 2; 2; 
156; 0; 0; 0; 0; 0; 0; 0; 0; 1; 0; 0; None; None; None; None; None; None; None; None; 1.0; None; None; JLM; 50; F; S; PUB; 4; 3; 4; 
157; 0; 0; 0; 0; 0; 0; 0; 0; 1; 0; 0; 0.0; 0.0; 0.488341020885; 0.742323679709; 0.233368034561; 0.238331538367; 0.0; 0.0; 1.0; 0.0; 0.27424736452; JLM; 50; F; S; PUB; 4; 3; 0; 
158; 0; 0; 0; 1; 1; 1; 0; 0; 1; 0; 0; 0.0302808539358; 0.0; 0.0; 0.497632981698; 0.50245937874; 0.496502916421; 0.0; 0.0; 1.0; 0.0; 0.0; JLM; 18; F; S; PRI; 3; 0; 3; 
159; 0; 0; 0; 1; 0; 0; 0; 0; 1; 0; 0; 0.0; 0.0; 0.0; 1.0; 0.502209725331; 0.49718323951; 0.0; 0.498438178813; 0.894653953028; 0.496870870422; 0.0; JLM; 18; F; S; AUT; 2; 3; 1; 
160; 0; 0; 1; 1; 0; 1; 0; 0; 0; 0; 0; None; None; 0.62123803124; 0.752841418442; None; 0.560722644744; None; None; None; None; None; EM; 50; F; S; ART; 3; NSPP; NSPP; 
161; 0; 0; 1; 1; 0; 0; 0; 0; 0; 0; 0; 0.0; 0.0; 0.876999341272; 0.962533597228; 0.0; 0.0; 0.0; 0.0; 0.0; 0.0; 0.0; BH; 40; F; S; CHO; 3; 2; 2; 
162; 0; 0; 1; 1; 0; 1; 0; 0; 0; 0; 0; 0.0; 0.0; 0.60246718383; 0.834289189144; None; 0.606446187151; 0.0; 0.0; 0.500626664486; 0.0; 0.0; EM; 60; M; S; RET; 2; 3; 3; 
163; 0; 0; 0; 1; 0; 1; 0; 0; 1; 0; 0; 0.0; 0.0; 0.501914481967; 0.788009822538; 0.499713627389; 0.587832296619; 0.499123212494; 0.657357120872; 0.809895436901; 0.0; 0.0; BH; 18; F; S; PUB; 3; 2; 1; 
164; 0; 0; 1; 1; 0; 0; 0; 0; 1; 0; 0; 0.163280888745; 0.0; 0.926657386142; 0.501731924477; 0.107829092756; 0.110219011063; 0.0; 0.0; 0.770038981805; 0.0; 0.0; EM; 60; M; 2; RET; 2; 3; 4; 
165; 0; 0; 0; 1; 1; 1; 0; 0; 1; 0; 0; 0.0; 0.0; 0.262513314117; 0.728425714632; 0.603305208304; 0.874658947331; 0.271697082382; 0.274938981639; 0.750386164237; 0.0; 0.0; JLM; 30; F; S; PUB; 3; 4; NSPP; 
166; 0; 0; 0; 1; 0; 1; 0; 0; 1; 0; 0; None; None; 0.345682587439; 0.500565679402; None; 0.775758209758; None; None; 0.97868139067; None; None; JLM; 60; M; S; RET; 3; 4; 0; 
167; 0; 0; 1; 1; 1; 1; 0; 0; 1; 0; 0; 0.0167994093256; 0.0208809191453; 0.505686361624; 0.734225490426; 0.737947757611; 0.743491523439; 0.0; 0.497311091981; 0.979266885462; 0.0118193827624; 0.0279344016368; JLM; 50; M; S; AUT; 3; 3; 2; 
168; 0; 0; 0; 1; 0; 0; 0; 0; 0; 0; 0; None; None; None; None; None; None; None; None; None; None; None; BH; 30; M; S; PRI; 2; 0; 1; 
169; 0; 0; 1; 1; 0; 0; 0; 0; 0; 0; 0; 0.0; 0.0118148235405; 0.93935501395; 0.682509878217; 0.0642160343801; 0.0387874323366; 0.0; 0.272231627106; 0.165200443673; 0.0220892424505; 0.462606591873; EM; 50; M; S; PRI; 3; 4; 2; 
170; 0; 0; 0; 0; 0; 0; 0; 0; 1; 0; 0; None; None; None; None; None; None; None; None; 0.912850695516; None; None; JLM; 40; F; 2; PUB; 4; 4; 3; 
171; 0; 0; 1; 1; 0; 0; 0; 0; 1; 0; 0; 0.0291889165516; 0.0; 0.981236131884; 0.799614043027; 0.599823724375; 0.799207380986; 0.0115321254417; 0.01119931697; 0.986085107367; 0.0; 0.0; EM; 60; F; S; PUB; 4; 3; 3; 
172; 0; 0; 1; 1; 0; 1; 0; 0; 1; 0; 0; 0.24880625564; 0.0; 0.912715557282; 0.925224454419; 0.68212349245; 0.683875047527; 0.145200123907; 0.229488865135; 0.918307510639; 0.041647484426; 0.0; EM; 50; F; S; CHO; 4; 2; 3; 
173; 0; 0; 0; 1; 0; 1; 0; 0; 1; 0; 0; 0.0; 0.0; 0.0931040145173; 0.802712675214; 0.502094260142; 0.811614624948; 0.0; 0.0; 1.0; 0.0; 0.0; JLM; 30; M; S; PRI; 4; 2; 1; 
174; 0; 0; 1; 0; 1; 0; 0; 0; 0; 0; 0; None; None; 0.961612997499; None; 0.806425357648; None; None; None; None; None; None; EM; 40; F; S; PUB; 4; 1; 3; 
175; 0; 0; 1; 0; 0; 1; 0; 0; 1; 0; 0; 0.0; 0.0; 0.77959986603; 0.775642120387; 0.518119570607; 0.810368751801; None; 0.165768842865; 0.658710776584; 0.167593451643; 0.160527091999; EM; 60; M; S; ART; 2; 3; 2; 
176; 0; 0; 0; 0; 0; 0; 0; 0; 0; 0; 0; 0.0; 0.0; 0.618328481353; 0.361307761445; 0.0864951394483; 0.260395629356; 0.0; 0.0; 0.0; 0.0; 0.533469266782; FF; 70; F; S; RET; 3; 4; 2; 
177; 0; 0; 1; 0; 0; 0; 0; 0; 0; 0; 0; 0.0; 0.0; 0.966362754969; 0.682861586931; 0.381342353768; 0.505890062335; 0.238154422408; 0.203284557002; 0.499048321378; 0.0282068375298; 0.0520007262037; EM; 50; F; S; PUB; 4; 2; 3; 
178; 0; 0; 0; 1; 0; 1; 0; 0; 1; 0; 0; 0.231277958578; 0.0; 0.225102849693; 0.757752995083; 0.505508010787; 0.748371716893; 0.226869769804; 0.500929436072; 0.877459299347; 0.0; 0.0; JLM; 30; M; S; PRI; 2; 3; 1; 
179; 0; 0; 0; 1; 1; 0; 0; 0; 1; 1; 0; None; None; None; 0.349461264543; 0.428124526036; None; None; None; 0.750211784517; 0.57672568532; None; JLM; 60; F; S; RET; 3; 2; 3; 
180; 0; 0; 1; 1; 0; 0; 0; 0; 1; 0; 0; 0.497017660868; 0.0700761645584; 0.571340416749; 1.0; 0.404528203115; 0.500946250155; 0.502343699183; 0.502356171814; 0.92683128462; 0.496951499761; 0.174777843865; BH; 18; F; S; ETU; 3; 2; 3; 
181; 0; 0; 0; 0; 0; 0; 0; 1; 1; 1; 0; None; None; 0.174927231686; 0.106529242919; 0.0431311940214; 0.0447164917532; None; 0.435911871786; 0.62516349331; 0.46223804047; 0.0329856077529; JLM; 50; M; 2; PRI; 3; 2; 1; 
182; 0; 0; 0; 1; 1; 1; 0; 0; 1; 0; 0; 0.0281894329897; 0.0; 0.456920562294; 0.665681658421; 0.745684976672; 0.794376391976; 0.0226039377495; 0.00421112701487; 0.955683544208; 0.0436772937558; 0.0; JLM; 18; F; S; PUB; 1; 3; 2; 
183; 0; 0; 0; 0; 1; 0; 1; 0; 1; 0; 0; 0.213307298918; 0.0; 0.60321435802; 0.498461326373; 0.784452457622; 0.609057161729; 0.787664340108; 0.607277336374; 0.851323514001; 0.504400073027; 0.0; JLM; 40; F; 2; PUB; 3; 2; 1; 
184; 0; 0; 1; 1; 0; 1; 0; 1; 1; 0; 0; 0.177589135686; 0.0; 0.835069178983; 0.836404697085; 0.501315499098; 0.635416559048; 0.0; 0.640996466931; 0.731933401772; 0.0; 0.310244954262; EM; 18; M; S; ART; 4; 2; 2; 
185; 1; 0; 0; 1; 1; 1; 0; 0; 1; 0; 0; 0.500344369971; 0.0; 0.0; 1.0; 1.0; 1.0; 0.0; 0.501149246928; 1.0; 0.498721076404; 0.0; JLM; 40; M; 1; PRI; 2; 2; 4; 
186; 0; 0; 1; 1; 0; 0; 0; 0; 1; 0; 0; 0.0; 0.0; 0.497812197648; 1.0; 0.246309017145; 0.257176062373; 0.0; 0.0; 1.0; 0.0; 0.0; BH; 50; F; S; PUB; 2; 4; 2; 
187; 0; 0; 1; 1; 0; 0; 0; 0; 0; 0; 0; 0.499804656477; 0.0; 0.684274891583; 0.82294363305; 0.0; 0.0; 0.0; 0.0; 0.235004316362; 0.0; 0.0; EM; 50; F; S; CHO; 3; 1; 4; 
188; 1; 0; 0; 0; 0; 1; 0; 0; 1; 0; 0; 0.924225298755; 0.0; 0.125688086644; 0.143757666028; 0.501267390032; 0.850938215679; 0.391847363057; 0.179208894494; 1.0; 0.181630309223; 0.0; JLM; 30; F; 2; PUB; 4; 4; 0; 
189; 0; 0; 0; 0; 0; 0; 0; 0; 1; 0; 0; 0.0; 0.0; 0.0; 0.0; 0.0; 0.0; 0.0; 0.0; 0.500707922275; 0.0; 0.0; JLM; 70; M; S; RET; 1; 1; NSPP; 
190; 1; 0; 1; 1; 0; 0; 0; 0; 1; 0; 1; 0.494211819177; 0.0; 1.0; 0.730184906456; 0.497020256007; 0.496165885226; 0.496254091297; 0.501822408397; 0.623334561903; 0.492215225227; 0.23614899611; EM; 40; M; S; PUB; 3; 1; 4; 
191; 0; 0; 1; 1; 0; 0; 0; 0; 0; 0; 0; 0.0; 0.0; 0.90431738424; 0.902011984096; 0.681050687781; 0.593504411777; 0.509612157628; 0.617499038011; 0.246636052377; 0.0780563658528; 0.0; BH; 18; M; S; ETU; 3; 3; 2; 
192; 0; 0; 0; 1; 0; 1; 0; 0; 1; 0; 0; 0.0; 0.0; 0.501050109702; 0.599109498805; 0.555771094943; 0.591810837247; 0.493985318452; 0.423689312017; 1.0; 0.496646720138; 0.0; JLM; 18; M; S; PUB; 3; 3; 2; 
193; 0; 0; 1; 0; 0; 0; 0; 0; 0; 0; 1; 0.127055637269; 0.0; 1.0; 0.394234880242; 0.0; 0.0; 0.0; 0.0; 0.093047315734; 0.0; 0.71201066418; EM; 40; M; S; PUB; 3; 2; 2; 
194; 0; 0; 0; 1; 0; 1; 0; 0; 1; 0; 0; None; None; None; 0.612309856062; 0.495353020519; 0.777957350289; None; None; 1.0; None; None; JLM; 60; M; S; PUB; 2; 1; 0; 
195; 0; 0; 1; 1; 1; 1; 0; 0; 1; 0; 0; 0.409220550856; 0.0; 0.780745759312; 0.898866130694; 0.513638264898; 0.535534476706; 0.405706601602; 0.402770015702; 0.891990776806; 0.49526738979; 0.0774097306792; EM; 50; M; S; PRI; 3; 3; 2; 
196; 0; 0; 1; 1; 0; 0; 0; 0; 0; 0; 0; 0.135783435406; 0.0; 0.505511932708; 0.733463074528; 0.254670437308; 0.256550325157; 0.138438654083; 0.250737795162; 0.248680351423; 0.120920815833; 0.121176061033; BH; 30; M; S; PUB; 3; 4; 1; 
197; 0; 0; 1; 1; 0; 0; 0; 0; 1; 0; 0; 0.0; 0.0; 0.759475166634; 1.0; 0.489221755044; 0.491417899913; 0.490537104111; 0.502472467279; 1.0; 0.4886477307; 0.0; JLM; 18; M; S; PUB; 3; 3; 2; 
198; 0; 0; 1; 0; 0; 0; 0; 0; 1; 0; 1; None; 0.0; 1.0; 0.262922215372; 0.0; 0.0; 0.0; 0.26184830119; 0.760750576691; 0.0; 0.792742974826; EM; 50; F; S; ART; 4; 4; 1; 
199; 0; 0; 1; 0; 0; 0; 0; 0; 1; 0; 1; 0.498816636795; 0.0701155910436; 0.890903363971; 0.654109455305; 0.498129744499; 0.556342451985; 0.496474149434; 0.500591878764; 0.445678084849; 0.493907844358; 0.929368506877; FF; 18; M; 2; CHO; 2; 3; 3; 
200; 0; 0; 1; 0; 0; 0; 0; 0; 0; 0; 0; 0.288614648508; 0.0; 0.902586053882; 0.458246362645; 0.0287064149003; 0.0230538816736; 0.017058123355; 0.241733308012; 0.210809193372; 0.0; 0.364433572073; EM; 18; M; S; ETU; 3; 2; 3; 
201; 1; 0; 1; 1; 0; 0; 0; 0; 1; 0; 0; 0.660088450855; 0.18601502834; 0.5346181279; 0.850456723042; 0.502905236245; 0.502255251414; 0.498161586587; 0.498591279622; 1.0; 0.68378001286; 0.0; JLM; 18; F; S; ETU; 2; 3; 2; 
202; 0; 0; 0; 1; 0; 0; 0; 0; 1; 0; 0; None; 0.0; 0.248181974527; 0.972058087212; 0.122101100713; 0.129216560779; None; None; 0.732215390521; None; 0.0; JLM; 60; F; S; PRI; 3; 2; 2; 
203; 0; 0; 0; 0; 0; 0; 0; 0; 1; 0; 0; None; None; None; None; None; None; None; None; 0.826454071425; None; None; JLM; 30; M; S; PRI; 3; 2; 3; 
204; 0; 0; 0; 1; 0; 0; 0; 0; 1; 0; 0; 0.0; 0.0; 0.261424790276; 0.722107461237; 0.0; 0.079497651612; 0.0; 0.0; 1.0; 0.0; 0.0; JLM; 18; M; S; ETU; 3; 2; 2; 
205; 0; 0; 1; 1; 0; 0; 0; 0; 0; 0; 0; 0.0; 0.0; 0.834999610079; 0.73219565195; 0.383815508264; 0.380896318586; 0.380939506766; 0.387638119969; 0.674142332196; 0.378045728145; 0.0; EM; 18; F; S; ETU; 3; 3; 2; 
206; 0; 0; 1; 1; 1; 1; 0; 0; 1; 0; 0; 0.0; 0.0; 0.593802283; 0.895497547585; 0.594765894887; 0.595686339784; 0.498775067962; 0.501548845609; 0.750216997845; 0.493468221996; 0.0; BH; 30; M; S; PRI; 2; 4; 1; 
207; 0; 0; 0; 1; 0; 0; 0; 1; 1; 0; 0; 0.502903852525; 0.264312507864; 0.34732905329; 0.668942571443; 0.498306786062; 0.548161303021; 0.500814818345; 0.631039102644; 0.631366616947; 0.499652318298; 0.153768529801; BH; 18; M; S; ETU; 1; 4; 2; 
208; 0; 0; 0; 1; 0; 1; 0; 0; 0; 0; 0; 0.0; 0.0; 0.228529736309; 0.718609102621; 0.560542166849; 0.741742012111; 0.0; 0.0; 0.279142007045; 0.0; 0.0; JLM; 70; M; S; RET; 3; 2; 0; 
209; 0; 0; 0; 1; 0; 0; 0; 0; 0; 0; 0; 0.504138275055; 0.0; 0.500913998292; 0.762388802149; 0.255273457349; 0.14957573586; 0.132241463776; 0.264154748505; 0.501963648922; 0.499906102322; 0.494782643006; BH; 18; F; S; ETU; 2; 3; 2; 
210; 0; 0; 1; 1; 0; 0; 0; 0; 1; 0; 0; 0.0206861780499; 0.0298409104639; 0.737254231263; 0.976914386733; 0.496258530437; 0.832131103522; 0.0201264539512; 0.509026704227; 0.79150913427; 0.0235988907836; 0.0298603141123; EM; 40; M; S; PUB; 3; 3; 2; 
211; 0; 0; 0; 1; 0; 0; 0; 0; 1; 0; 0; 0.0; 0.0; 0.490099225855; 1.0; 0.0; 0.0; 0.0; 0.0; 0.748274433722; 0.0; 0.0; EM; 40; F; S; PUB; 3; 4; 1; 
212; 1; 0; 0; 0; 0; 0; 0; 1; 0; 0; 1; None; None; None; None; None; None; None; None; None; None; None; FF; 70; F; NSPP; RET; 3; 4; 3; 
213; 0; 0; 0; 1; 0; 1; 0; 0; 1; 0; 0; 0.0; 0.0; 0.231738417793; 0.727453238781; 0.498523109827; 0.67318363571; 0.498492337453; 0.114901030625; 0.968340014851; 0.0; 0.0; JLM; 18; F; S; ETU; 2; 3; 0; 
214; 0; 0; 1; 1; 0; 0; 0; 0; 0; 0; 0; 0.262621119144; 0.0; 1.0; 0.855603739876; 0.075513436187; 0.065677837742; 0.0602985926247; 0.0573121037682; 0.310286321003; 0.057300469577; 0.0; EM; 18; M; S; ETU; 3; 3; 2; 
215; 0; 0; 1; 1; 0; 0; 0; 0; 1; 0; 0; 0.0145806363698; 0.0133028425999; 0.638760408924; 0.971160604329; 0.497114784355; 0.497302445476; 0.500661817245; 0.497976512634; 0.568129354066; 0.49913243965; 0.0348686648329; EM; 40; M; S; ART; 3; 3; 3; 
216; 0; 0; 1; 1; 0; 0; 0; 0; 1; 0; 0; 0.507373045214; 0.0; 0.620325134681; 1.0; 0.499279694358; 0.50146716729; 0.500777474224; 0.501844381583; 0.656274048263; 0.48711471848; 0.172021652813; BH; 40; F; 2; PRI; 3; 2; 3; 
217; 0; 0; 1; 0; 0; 0; 0; 0; 0; 0; 1; 0.0; 0.0; 0.856600185216; 0.41388329988; 0.0; None; 0.0; 0.0; None; None; 0.746732624425; EM; 18; M; S; PUB; 3; 2; 2; 
218; 0; 1; 1; 0; 0; 0; 0; 0; 0; 0; 1; 0.501074274487; 0.748151978014; 0.500717014575; 0.250688978706; 0.244993700813; 0.248355290832; 0.500060952332; 0.248329033911; 0.0; 0.234171929143; 0.766009676715; MLP; 30; M; 2; PUB; 3; 3; 1; 
219; 0; 0; 0; 0; 1; 1; 0; 0; 1; 0; 0; 0.1118784607; 0.108001823247; 0.111876238154; 0.105059036456; 0.969046041851; 0.975073388458; 0.0999654153321; 0.107738083306; 0.989366862774; 0.0829922511947; 0.0780901668604; NSPP; NSPP; NSPP; NSPP; NSPP; NSPP; NSPP; NSPP; 
220; 0; 0; 1; 0; 0; 0; 0; 0; 0; 0; 1; 0.565403607416; 0.0392169501506; 0.910371618192; 0.539841780056; 0.0428992615659; 0.0489184696603; 0.065636484242; 0.0616264567447; 0.502888972355; 0.0294195689315; 0.688243232977; EM; 50; F; S; PRI; 3; 2; 1; 
221; 0; 0; 1; 0; 0; 0; 0; 0; 0; 0; 0; 0.0; 0.0; 0.555333311264; 0.0399948017154; 0.0; 0.0; 0.0; 0.0312978000358; 0.0; 0.0; 0.0686497275155; EM; 40; M; S; PRI; 3; 3; 2; 
222; 0; 0; 1; 0; 0; 0; 0; 0; 0; 0; 0; 0.117346078812; 0.0; 0.93080906043; 0.553847702786; 0.0; 0.0; 0.498089422127; 0.0; 0.0; 0.502200823456; 0.0; EM; 60; M; S; PUB; 2; 3; 1; 
223; 0; 0; 0; 1; 0; 0; 0; 0; 1; 0; 0; 0.0; 0.0; 0.24424663994; 1.0; 0.0; 0.0832280768594; 0.0; 0.0; 0.942846310775; 0.0; 0.0; JLM; 40; M; S; ART; 1; 3; 2; 
224; 0; 0; 0; 1; 1; 1; 0; 1; 1; 0; 0; None; None; None; 0.770413723154; 0.644153163838; 0.649184797215; None; 0.64594621602; 1.0; None; None; JLM; 40; M; S; PRI; 2; 4; 1; 
225; 0; 0; 1; 1; 0; 0; 0; 0; 0; 0; 0; None; None; 0.90911301259; 0.988125516282; 0.499283170618; 0.495098769387; 0.30882234822; 0.309433941091; 0.498688598956; 0.285203821468; None; BH; 30; F; S; PRI; 3; 1; 4; 
226; 0; 0; 0; 0; 0; 1; 0; 0; 1; 0; 0; 0.0; 0.0; 0.476840899372; 0.590521644304; 0.443594342024; 0.838051882139; 0.449982436937; None; 1.0; 0.0; 0.450409415728; JLM; 50; F; S; AUT; 3; 3; 1; 
227; 0; 0; 0; 0; 0; 0; 0; 0; 0; 0; 1; 0.161902742727; 0.0; 0.484940735824; 0.149355718168; 0.0; 0.0279957376732; 0.0309565600236; 0.0373243660889; 0.0223228757374; 0.0314803993577; 1.0; NSPP; NSPP; NSPP; NSPP; NSPP; NSPP; NSPP; NSPP; 
228; 0; 0; 1; 0; 1; 0; 0; 0; 1; 0; 0; 0.485228203005; 0.0404976339647; 0.957591821689; 0.538590118058; 0.0540126507726; 0.0442418617777; 0.0510221368455; 0.0591515151515; 0.939613708849; 0.0442092991885; 0.0653817797475; JLM; 30; M; NSPP; PRI; 3; 2; 4; 
229; 0; 0; 1; 1; 0; 0; 0; 0; 0; 0; 0; 0.0; 0.0; 1.0; 0.766927887028; 0.0; 0.0; 0.0; 0.273850048713; 0.0; 0.0; 0.0; EM; 50; M; S; PUB; 4; 3; 4; 
230; 0; 0; 0; 1; 0; 1; 0; 0; 1; 0; 0; 0.494351809175; 0.0; 0.0; 1.0; 0.498395086775; 0.891588209684; 0.496139156437; 0.503805219928; 0.853558992416; 0.493780985848; 0.0; BH; 18; F; S; ETU; 3; 3; 1; 
231; 1; 1; 1; 0; 0; 0; 0; 1; 0; 1; 1; 0.710602700839; 0.710336643041; 0.494311364353; 0.123797589938; 0.0401806755695; 0.0423671567176; 0.0469812017149; 0.498827283492; None; 0.495955701012; 0.497987328079; MLP; 50; M; 2; NSPP; 4; 2; 0; 
232; 0; 0; 0; 1; 1; 1; 0; 0; 1; 0; 0; None; None; None; 0.809115667136; 0.848902566341; 0.836867860936; 0.557168936004; None; 0.980582691821; None; None; JLM; 18; F; S; ETU; 4; 2; 1; 
233; 0; 0; 0; 1; 0; 1; 0; 0; 1; 0; 0; 0.0145781904189; 0.0165179003325; 0.25804148819; 0.87157069402; 0.504024457179; 0.893695367759; 0.00898123060155; 0.0138652213417; 0.622065611426; 0.0; 0.0; PP; 18; NSPP; NSPP; PRI; 3; 3; 1; 
234; 0; 0; 0; 1; 1; 0; 0; 0; 1; 0; 0; None; None; None; 1.0; 0.500423442496; 0.270685442068; None; None; 0.499600756356; None; None; BH; 40; M; S; PUB; 4; 4; 0; 
235; 0; 0; 0; 1; 0; 1; 0; 1; 1; 0; 0; 0.0; 0.0; 0.11103343721; 0.839132237612; 0.0; 0.622091410263; 0.0; 0.499137023154; 1.0; 0.0; 0.0; JLM; 18; F; 2; AUT; 3; 3; 2; 
236; 0; 0; 0; 1; 1; 1; 0; 0; 1; 0; 0; 0.0; 0.0; 0.0; 1.0; 1.0; 1.0; 0.688371586094; 0.689526553075; 0.960120888208; 0.0; 0.0; BH; 50; F; S; PUB; 4; 4; 0; 
237; 0; 0; 1; 0; 0; 0; 0; 0; 0; 0; 1; 0.0316095711297; 0.0; 0.754014724826; 0.216022597527; 0.0169392821055; 0.00906724942404; 0.0189735910539; 0.0717760480449; 0.0721223048834; 0.016443921914; 0.490083679218; EM; 50; M; S; ART; 3; 3; 2; 
238; 0; 0; 0; 0; 0; 0; 0; 0; 0; 0; 0; 0.126557882565; 0.0; 0.915693743904; 0.572009009727; 0.489690206317; None; None; 0.268167049447; 0.0735461274983; 0.0697400217074; 0.0215960173128; EM; 70; F; 2; RET; 1; 1; 4; 
239; 0; 0; 1; 1; 0; 0; 0; 0; 1; 0; 0; None; 0.00725894529894; 0.798454699978; 0.785037314332; 0.507824670898; 0.587719653626; 0.371280816632; 0.497338380095; 0.682457591041; 0.267082060144; 0.0591031603159; EM; 18; M; S; ETU; 3; 1; 3; 
240; 1; 1; 0; 0; 0; 0; 0; 0; 0; 0; 0; 0.890868333137; 0.795753998515; None; None; None; None; None; None; None; None; None; MLP; 60; F; 2; RET; 3; 3; 3; 
241; 0; 0; 0; 0; 1; 1; 0; 1; 1; 0; 0; 0.528703716487; 0.0; 0.0; 0.548679829362; 1.0; 1.0; 0.757813096532; 1.0; 1.0; 0.551612661683; 0.0; JLM; 30; M; 2; PRI; 4; 2; 0; 
242; 0; 0; 1; 0; 0; 0; 0; 0; 0; 0; 0; 0.0; 0.0; 1.0; 0.509686686926; 0.0; 0.0; 0.0; 0.0; 0.0; 0.0; 0.0; EM; 70; F; S; PUB; 1; 3; 3; 
243; 0; 0; 1; 0; 0; 0; 0; 0; 0; 0; 0; 0.0; 0.0; 0.9430258539; 0.440302676088; 0.20537171817; 0.612446808945; 0.0; 0.0; 0.0; 0.0; 0.0; EM; 30; F; S; ART; 3; 2; 3; 
244; 0; 0; 1; 1; 1; 0; 0; 0; 1; 0; 0; 0.0838802258665; 0.0117516895754; 0.799089924934; 0.710579800065; 0.560824036784; 0.43326331057; 0.432974952838; 0.960805458698; 0.978481778926; 0.445745616611; 0.282367799247; JLM; 50; M; S; PRI; 2; 2; 3; 
245; 0; 0; 1; 1; 0; 1; 0; 0; 1; 0; 0; 0.257895671501; 0.0; 1.0; 1.0; 0.499474953849; 1.0; 0.0; 0.50213822155; 0.734549334622; 0.0; 0.0; BH; 18; F; S; PUB; 0; 2; 2; 
246; 0; 0; 1; 1; 0; 0; 0; 0; 0; 0; 0; 0.0473128712169; 0.0; 0.863773941272; 0.653501817336; 0.0; 0.0; 0.0; 0.173947209988; 0.0487174136936; 0.0; 0.0; EM; 50; F; S; PUB; 2; 3; 1; 
247; 0; 0; 1; 1; 0; 0; 0; 0; 0; 0; 0; 0.074008149034; None; 0.916688038672; 0.541951747372; 0.574248824032; 0.583926716238; None; None; 0.548487017496; None; None; EM; 18; F; S; ETU; 2; 3; 3; 
248; 0; 0; 0; 0; 0; 0; 0; 0; 0; 0; 1; 0.509316882881; 0.729074687919; 0.840723732878; 0.945406266568; 0.939048264082; 0.918915552816; 0.722545515862; 0.556546547784; 0.913956444914; 0.684830327798; 0.223973532161; FF; 40; F; S; ART; 2; 2; 2; 
249; 1; 0; 0; 0; 0; 0; 0; 0; 1; 1; 0; 0.836498777063; 0.563355423178; 0.569533107306; 0.599279514708; 0.716215271493; 0.502988006639; 0.510179268767; 0.500087709028; 0.955705512394; 0.959521748267; 0.0; JLM; 50; F; S; PUB; 2; 2; 1; 
250; 0; 0; 0; 1; 0; 1; 0; 0; 1; 0; 0; 0.017929439721; 0.0119466531941; 0.204863767302; 0.718250905661; 0.615381785493; 0.620428612207; 0.186908266116; 0.269158199247; 0.822593159196; 0.10395989112; 0.0; JLM; 18; F; S; ETU; 3; 4; 2; 
251; 0; 0; 1; 0; 0; 0; 0; 0; 0; 0; 1; 0.203934891048; 0.0474067508123; 0.740285163513; 0.503316654594; 0.508528328241; 0.497089208765; 0.501072032362; 0.492599971994; 0.491122869351; 0.491407531525; 1.0; FF; 40; F; S; PUB; 3; 4; 3; 
252; 1; 0; 1; 1; 1; 1; 0; 1; 1; 1; 0; 0.566230970053; 0.0712898354179; 0.541382571471; 0.633015667905; 0.626363089095; 0.771175827236; None; None; 0.978677107136; 0.978457728755; 0.0; JLM; 50; M; S; PRI; 3; 3; 1; 
253; 0; 0; 0; 1; 0; 0; 0; 0; 1; 0; 0; 0.504344992088; 0.0154579268517; 0.203051266189; 0.729551404319; 0.496798751622; 0.505662148084; 0.501454436642; 0.656026121291; 1.0; 0.504211198401; 0.109375327186; JLM; 40; M; S; ART; 4; 3; 3; 
254; 0; 0; 1; 0; 0; 0; 1; 1; 0; 1; 0; 0.0; 0.0; 0.511047230153; 0.428066566676; 0.0788367210329; 0.681413547531; 0.824168719961; 0.826423907268; 0.0527558988615; 0.875445140113; 0.0; EM; 18; M; S; ETU; 3; 3; 3; 
255; 0; 0; 1; 1; 1; 0; 0; 0; 1; 0; 0; 0.0; 0.0; 0.643609753285; 0.701955753846; 0.631103175287; 0.543872385456; 0.498978755542; 0.497942502136; 0.709801142912; 0.500336041232; 0.21512275253; EM; 30; M; 2; ART; 3; 2; 2; 
256; 0; 0; 0; 0; 0; 0; 1; 1; 0; 1; 1; 0.481534933891; 0.0; 0.0; 0.0; 0.0; 0.0; 0.491007284364; 0.483067908461; 0.0; 0.488876901324; 0.975785917166; FF; 60; M; S; AUT; 3; 3; 4; 
257; 0; 0; 0; 1; 0; 0; 0; 0; 1; 0; 0; None; None; None; 0.0180990238403; None; None; None; None; 0.0146484769962; None; None; JLM; 50; F; S; PRI; 2; 2; 2; 
258; 0; 0; 1; 0; 0; 0; 0; 0; 0; 0; 0; 0.00968523399021; 0.0197937277168; 0.985117234944; 0.532936802378; 0.511063349719; 0.791578888886; 0.33240225908; 0.678899960618; 0.452916361272; 0.42964567708; 0.0551975433631; EM; 70; F; S; RET; 3; 3; 4; 
259; 0; 0; 0; 1; 0; 1; 0; 0; 1; 0; 0; 0.0; -0.0213498570125; 0.349472791565; 1.0; 0.495117754325; 1.0; 0.499017901424; 0.690849740848; 1.0; 0.496678974782; 0.0; BH; 50; F; S; PUB; 4; 2; 2; 
260; 0; 0; 1; 0; 0; 0; 0; 0; 1; 0; 1; 0.0935945353486; 0.0; 1.0; 0.140765036756; 0.0; 0.0; 0.342966790475; 0.157383332258; 0.498891356238; 0.140328590013; 0.773131418625; EM; 50; M; S; ART; 3; 1; 3; 
261; 0; 0; 0; 0; 0; 0; 0; 0; 0; 0; 0; 0.0; 0.00604964312796; 0.496428980635; 0.763962596284; 0.108539014212; 0.555911894367; 0.0557233190467; 0.0627467119254; 0.515491051795; 0.0506754682825; 0.000941515285778; BH; 60; F; S; RET; 1; 2; 3; 
262; 0; 0; 0; 1; 0; 0; 0; 0; 0; 0; 0; None; None; 0.0689606536647; 1.0; None; None; None; None; 0.354417104439; None; None; BH; 18; F; S; ETU; 3; 3; 1; 
263; 0; 0; 0; 1; 1; 1; 0; 0; 1; 0; 0; 0.0209745732411; 0.0309745915644; 0.227502377907; 0.642688027227; 0.815781768207; 0.818114055218; 0.204500001955; 0.205827297804; 0.813969688454; 0.494303677921; 0.0; JLM; 50; M; S; PUB; 3; 4; 2; 
264; 0; 0; 0; 0; 0; 0; 0; 0; 1; 0; 0; 0.248550712172; 0.247193497393; 0.241836276451; None; None; None; None; None; 0.743021996017; 0.262290603035; 0.259575945808; JLM; 50; M; S; PUB; 2; 2; 4; 
265; 0; 0; 1; 1; 0; 0; 0; 0; 0; 0; 0; 0.118884547229; 0.0659964016049; 0.840680604797; None; 0.0755795622332; 0.209876683507; 0.0867942801043; 0.124081551591; 0.353474133937; 0.0743719195152; 0.472701711082; EM; 18; M; S; PUB; 0; 2; 3; 
266; 0; 0; 0; 0; 0; 1; 0; 0; 1; 1; 0; 0.0; 0.0; 0.0; 0.0; 0.0; 0.303814952699; 0.152649768137; 0.0; 1.0; 0.314415463306; 0.0; JLM; 30; M; S; PRI; 0; 4; 0; 
267; 0; 0; 1; 1; 0; 0; 0; 0; 0; 0; 1; None; None; 0.747737306191; 0.564016701294; None; None; None; None; None; None; 0.754021377525; EM; 40; F; S; PRI; 2; 2; 2; 
268; 0; 0; 1; 1; 0; 0; 0; 0; 1; 0; 0; 0.0; 0.0; 0.745768972874; 0.834393523481; 0.272648150531; 0.272771267871; 0.496164937004; 0.169541234172; 0.696616625255; 0.0; 0.0; BH; 40; F; S; PRI; 3; 2; 1; 
269; 0; 0; 1; 0; 0; 0; 0; 0; 0; 0; 0; 0.0; 0.0; 1.0; 0.0; 0.144802940951; 0.332736847327; 0.0; 0.0; 0.0; 0.0; 0.0; EM; 30; M; S; AUT; 1; 1; 4; 
270; 0; 0; 1; 0; 0; 0; 0; 0; 1; 0; 0; 0.0; 0.0; 1.0; 0.760719165238; 0.0; 0.0; 0.0; 0.0; 0.925066856617; 0.308147711271; 0.586335183552; EM; 40; F; S; PUB; 2; 2; 3; 
271; 0; 0; 0; 0; 1; 1; 0; 0; 0; 0; 0; 0.0; 0.0; 0.0; 0.548654732999; 1.0; 0.803337713179; 0.0; 0.0; 0.250111972252; 0.0; 0.0; BH; 40; F; S; PRI; 3; 3; 1; 
272; 0; 0; 0; 1; 0; 1; 0; 0; 1; 0; 0; 0.265620206939; 0.0; 0.157966222669; 0.815924100109; 0.499520839866; 0.561556850441; 0.502521503392; 0.497434350426; 0.876177364238; 0.136338018632; 0.0; JLM; 18; F; S; ETU; 1; 2; 3; 
273; 0; 0; 0; 1; 0; 0; 0; 0; 1; 0; 0; 0.0; 0.0; 0.246662702509; 1.0; 0.251626355986; 0.257901263194; 0.259892782211; 0.0; 1.0; 0.0; 0.0; BH; 30; M; S; PRI; 4; 0; 4; 
274; 0; 1; 0; 0; 0; 0; 0; 0; 0; 0; 1; 0.500377442879; 0.867862429709; 0.420986782507; 0.329110217219; 0.0; 0.0; 0.0676695456171; 0.0204239527846; 0.0; 0.0; 1.0; FF; 40; F; 2; PRI; 4; 2; 1; 
275; 0; 0; 1; 0; 0; 0; 0; 0; 0; 0; 0; 0.496955226044; 0.0; 1.0; 0.752664318649; 0.191705825676; 0.197425616954; 0.200989717407; 0.494311123155; 0.215644738741; 0.212097774112; 0.0; EM; 70; F; S; RET; 2; 3; 2; 
276; 0; 0; 1; 0; 0; 0; 0; 0; 0; 0; 1; 0.578831388511; 0.578218388461; 1.0; 0.0; 0.0; 0.0; 0.0; 0.0; 0.0; 0.0; 1.0; EM; 40; F; S; PRI; 3; 0; 2; 
277; 0; 0; 0; 0; 0; 0; 0; 0; 0; 0; 0; 0.127483278615; 0.0; 0.130799044131; 0.75353822081; 0.645227944995; 0.670728518958; 0.287861906671; 0.421750737953; 0.280811436122; 0.0825938544464; 0.0262492313761; BH; 50; M; S; PRI; 2; 3; 2; 
278; 0; 0; 0; 1; 0; 0; 0; 0; 1; 0; 0; 0.0363168287911; 0.0; 0.130021470822; 0.840503966479; 0.130633315533; 0.492515061751; 0.438811825697; 0.490777510499; 0.859197983841; 0.500596498075; 0.0; JLM; 18; F; S; ART; 3; 3; 1; 
279; 0; 0; 0; 0; 0; 0; 0; 0; 0; 0; 1; 0.0; 0.0; 0.514169178228; 0.498278184128; 0.0; 0.0; 1.0; 1.0; 0.500363628302; 0.0; 1.0; FF; 18; M; S; ETU; 4; 2; 3; 
280; 0; 0; 0; 1; 0; 0; 0; 0; 1; 0; 0; 0.0; 0.0; 0.507623092102; 0.861897458645; 0.0; 0.200926666802; 0.133928242856; 0.573245851326; 0.954334347521; 0.49953948388; 0.0; JLM; 40; M; S; ART; 3; 2; 1; 
281; 0; 0; 0; 0; 0; 0; 0; 0; 1; 0; 0; 0.0698539114636; -0.13960276303; -0.144718487848; 0.00566420452371; 0.508977790603; 0.500346757456; 0.498385650526; 0.492879087287; 1.0; 0.488958699033; -0.109388215393; JLM; 70; F; 2; RET; 3; 3; 2; 
282; 0; 0; 0; 0; 0; 0; 0; 1; 0; 0; 1; 0.499305558748; 0.597451611129; 0.246608092967; 0.508871391437; 0.0; 0.173547162811; 0.500243910752; 0.804693822498; 0.238598067053; 0.495500535823; 0.740695177743; JL; 18; M; S; ETU; 3; 2; 2; 
283; 1; 1; 0; 0; 0; 0; 0; 1; 1; 0; 0; 1.0; 1.0; 0.242316677195; None; None; None; None; 1.0; 0.676427593623; None; 0.500919188101; MLP; 18; M; S; PRI; 4; 2; 1; 
284; 0; 0; 1; 1; 0; 0; 0; 0; 0; 0; 1; 0.0; 0.122195976769; 1.0; 0.729663943294; 0.0; 0.0; 0.0; 0.0; 0.513708276177; 0.0; 0.775415001819; EM; 60; F; S; PUB; 3; 2; 2; 
285; 0; 0; 0; 1; 0; 0; 0; 0; 1; 0; 0; 0.49749990188; 0.0; 0.321423814326; 0.856410425734; 0.491737448652; 0.49453858678; 0.492308807782; 0.497179748746; 1.0; 0.508111620648; 0.116808522811; JLM; 40; F; S; PRI; 3; 2; 3; 
286; 0; 0; 1; 1; 0; 0; 0; 0; 0; 0; 0; None; None; 0.884538776599; 0.889303258143; None; None; None; None; None; None; None; EM; 60; F; S; RET; 4; 3; 2; 
287; 0; 0; 1; 0; 0; 0; 0; 0; 0; 0; 1; 0.0322178641175; 0.0331909321943; 0.754345092264; 0.0260196564651; 0.0136589325548; 0.0160441110527; 0.0148079583609; 0.0185835869353; 0.0347524737595; 0.0432695670797; 0.962566676135; FF; 70; F; S; PRI; 3; 4; 0; 
288; 0; 0; 1; 1; 0; 0; 0; 0; 0; 0; 0; 0.0; 0.0; 0.959853778808; 0.956955395106; 0.49060628078; 0.49879597145; 0.0; 0.0299356740916; 0.0293376404439; 0.0; 0.0321698204938; EM; 70; F; S; RET; 2; 2; 3; 
289; 0; 0; 1; 1; 0; 0; 0; 0; 0; 0; 0; 0.0; 0.0; 0.859407323294; 0.855545931123; 0.252476318526; 0.244426798937; 0.0; 0.248950202242; 0.622836966122; 0.0; 0.0; EM; 50; M; S; PRI; 2; 3; 2; 
290; 0; 1; 1; 1; 0; 0; 0; 0; 1; 1; 1; 0.0937724666691; None; 0.930691007416; None; None; None; None; None; None; None; None; FF; 18; M; S; PUB; 3; 3; 3; 
291; 1; 0; 0; 0; 0; 0; 0; 1; 0; 0; 1; 0.75511108022; 0.0403558343613; 0.533687807228; 0.405780909703; 0.0352052709103; 0.0; 0.0360782617056; 0.874955369343; 0.0427874008018; 0.513460791814; 0.919086438065; FF; 40; F; S; PRI; 2; 4; 1; 
292; 0; 0; 1; 1; 0; 0; 0; 0; 1; 0; 0; 0.0; 0.0; 0.85511421477; 0.861706359073; 0.486728328986; 0.499514828793; 0.0; 0.0250678140978; 0.877597893337; 0.0; 0.0; EM; 60; F; S; RET; 3; 2; 2; 
293; 0; 0; 0; 1; 0; 0; 0; 0; 1; 0; 0; 0.118341072259; 0.0314499310231; 0.561669978296; 0.932476179184; 0.247369757639; 0.456726370001; 0.499484855392; None; 0.718374854448; 0.501307668325; 0.217369038938; BH; 30; F; S; PRI; 3; 4; 3; 
294; 0; 0; 0; 1; 0; 1; 0; 0; 1; 0; 0; None; 0.0; 0.0; 0.527263920971; 0.226519043915; 0.436407318103; 0.0; 0.0; 1.0; 0.0; 0.0; JLM; 30; M; S; CHO; 3; 0; 2; 
295; 0; 0; 1; 1; 0; 0; 0; 0; 1; 0; 0; 0.498434934149; 0.0; 0.648602073389; 1.0; 0.64783582911; 0.492893841708; 0.0; 0.495428396454; 1.0; 0.496806995457; 0.0; JLM; 18; F; S; ETU; 2; 3; 2; 
296; 0; 0; 1; 1; 0; 0; 0; 0; 1; 0; 0; None; None; 0.569489693306; 0.81033501759; None; None; None; 0.0950385908514; 0.776728981179; None; None; JLM; 50; F; S; ART; 3; 3; 1; 
297; 0; 0; 1; 1; 0; 0; 0; 0; 1; 0; 0; 0.0976877399071; 0.0; 1.0; 0.834901542629; 0.18828416168; 0.253222844287; 0.646083074109; 0.496705552749; 0.941016946785; 0.641493044195; 0.0462186122724; EM; 30; M; S; PRI; 3; 4; 2; 
298; 0; 0; 1; 1; 0; 0; 0; 1; 1; 0; 0; 0.0780800253974; 0.0; 0.717712702736; 0.764253011108; 0.495529268077; 0.494178433275; 0.488545510511; 0.569626321894; 0.881627348445; 0.486522876563; 0.0225672733412; JLM; 60; M; S; RET; 3; 4; 1; 
299; 0; 0; 0; 1; 0; 0; 0; 0; 1; 0; 0; 0.231717071996; 0.0; 0.24321321015; 1.0; 0.551380749181; 0.561822693626; 0.453721644526; 0.232468845811; 0.932032081313; 0.227800593375; 0.379594791455; JLM; 40; F; S; CHO; 3; 2; 1; 
300; 0; 0; 0; 1; 0; 0; 0; 0; 1; 0; 0; 0.0; 0.0; 0.235812521152; 1.0; 0.0; 0.551022857348; 0.0; 0.737162444685; 0.846697983336; 0.0; 0.0; JLM; 30; F; S; PRI; 3; 4; 1; 
301; 0; 0; 0; 1; 0; 0; 0; 0; 0; 1; 0; None; 0.0; 0.00544095275142; 1.0; 0.505331709602; 0.503674617457; 0.501054117987; 0.50972339761; None; 1.00105305274; 0.0; NSPP; 40; M; S; ART; 3; 1; 4; 
302; 0; 0; 1; 1; 0; 0; 0; 0; 1; 0; 0; 0.0; 0.0; 0.710781954112; 1.0; 0.548731148795; 0.555627066889; 0.0; 0.0; 0.655434851031; 0.0; 0.0; BH; 60; F; S; RET; NSPP; NSPP; NSPP; 
303; 0; 0; 1; 1; 0; 0; 0; 0; 0; 0; 1; 0.405196636404; 0.0; 0.871917456356; 0.500397586428; 0.0; 0.0; 0.0; 0.0662374063009; 0.416098970862; 0.0343023620185; 0.631596118548; EM; 30; M; S; PRI; 3; 2; 2; 
304; 0; 0; 1; 1; 0; 0; 0; 0; 0; 0; 0; 0.107492112338; 0.0; 0.865010642684; 0.776357391503; 0.501039774654; 0.496984683005; 0.385647999804; 0.533852710291; 0.0; 0.434400485607; 0.0; EM; 18; F; S; ETU; 3; 3; 4; 
305; 0; 0; 0; 0; 0; 0; 0; 0; 1; 0; 0; None; None; None; None; None; None; None; None; 0.891079154178; None; None; JLM; NSPP; NSPP; NSPP; NSPP; NSPP; NSPP; NSPP; 
306; 0; 1; 0; 1; 0; 0; 0; 0; 1; 0; 0; 0.0; 0.468223323473; 0.140407972636; 1.0; 0.0; 0.0; 0.0; 0.0; 0.585569490755; 0.0; 0.0; JLM; 18; M; S; ETU; 4; 3; 0; 
307; 0; 0; 1; 1; 0; 0; 0; 0; 1; 0; 0; 0.0150219380241; -0.0437539843524; 0.775592806714; 0.497387165237; 0.17560399886; 0.167852714699; 0.0354925037881; 0.0366418281917; 0.578351238275; 0.0306187294526; 0.0130836291968; EM; 60; M; S; RET; 3; 4; 3; 
308; 1; 0; 1; 1; 0; 1; 1; 0; 1; 0; 0; 0.583688042931; None; 0.862132790941; 0.928486120238; None; 0.772928152648; 0.495474051056; 0.359389641997; 1.0; 0.432926734085; 0.0; JLM; 30; M; S; PRI; 3; 3; 1; 
309; 0; 0; 1; 1; 0; 0; 1; 0; 0; 0; 0; 0.0; -0.161933606711; 0.763973631623; 1.0; 0.400821514096; 0.491527614417; 0.661408750928; 0.370033415283; 0.668883733251; 0.4916492027; 0.0; BH; 18; M; S; PRI; 2; 4; 2; 
310; 0; 0; 0; 1; 1; 1; 0; 0; 1; 0; 0; 0.00776016404022; None; 0.336069257116; 0.963839755193; 0.763413101038; 0.771792920495; None; 0.0107738998483; 0.989064186238; 0.0; 0.0; JLM; 30; M; S; PRI; 3; 1; 3; 
311; 0; 0; 0; 0; 1; 0; 0; 0; 1; 0; 0; 0.221633041965; -0.050934243622; 0.0779931963323; 0.0953499587141; 0.864721641462; 0.797514268767; 0.0837264730822; 0.0892770941276; 1.06791121564; 0.0801285541769; 0.0; JLM; 60; F; S; ART; 2; 3; 2; 
312; 0; 0; 1; 1; 1; 1; 0; 0; 1; 0; 0; 0.0962722054787; 0.0; 0.494562335802; 0.74449832579; 0.712365197413; 0.892069028089; 0.0727032403809; 0.12040657045; 0.820636352438; 0.0473713649808; 0.191388452769; JLM; 18; M; S; CHO; 3; 2; 0; 
313; 0; 0; 1; 1; 0; 0; 0; 0; 0; 0; 0; None; None; 0.922136893274; 0.759899475316; None; None; None; 0.49990602876; None; None; None; EM; 30; F; S; PUB; 2; 3; 2; 
314; 0; 0; 0; 0; 1; 1; 0; 1; 1; 0; 0; 0.503090239633; 0.0785089610421; 0.495291590788; 0.490204613927; 1.0; 0.856911086463; 0.506491936904; 0.980214141279; 0.845129216614; 0.582698360602; 0.499585437835; JLM; 50; F; S; AUT; 3; 3; 2; 
315; 0; 1; 0; 0; 0; 0; 0; 0; 1; 0; 1; 0.0; 1.0; 0.0; 0.0; 0.0; 0.0; 0.0; 0.0; 1.0; 0.0; 1.0; FF; 40; M; S; ART; 0; 0; 4; 
316; 0; 0; 0; 0; 0; 0; 0; 0; 0; 0; 0; None; None; None; None; None; None; None; None; None; None; None; EM; 18; F; 2; CHO; 2; 2; 2; 
317; 0; 0; 0; 1; 1; 1; 0; 0; 1; 0; 0; 0.0; 0.0; 0.148275496876; 0.294516524694; 0.512987068143; 0.513240881185; 0.0; 0.225221825982; 0.952045794678; 0.0; 0.0; JLM; 60; F; S; CHO; 2; 2; 2; 
318; 0; 0; 0; 1; 1; 1; 0; 0; 1; 0; 0; 0.0522155554561; 0.0; 0.373981267297; 0.926638798461; 0.860644644526; 0.918720509161; 0.503562101114; 0.503376088353; 1.0; 0.0; 0.0425424075408; JLM; 50; F; S; PRI; 3; 2; 2; 
319; 0; 0; 0; 0; 0; 0; 0; 0; 1; 0; 0; 0.0; 0.0; 0.0; 0.712450368825; 0.708632047712; 0.61446555013; None; None; 0.839149676453; None; 0.0; JLM; 18; M; S; PRI; 4; 3; 3; 
320; 0; 0; 1; 1; 0; 0; 0; 0; 1; 0; 0; None; 0.0; 1.0; 1.0; None; None; None; None; 1.0; None; 0.0; JLM; 60; F; 2; RET; 2; 2; 2; 
321; 0; 0; 0; 1; 1; 1; 0; 0; 1; 0; 0; 0.0; 0.0; 0.447038705287; 1.0; 1.0; 1.0; 0.0; 0.128488906234; 1.0; 0.0; 0.0; JLM; 30; M; S; PUB; 4; 2; 2; 
322; 0; 0; 0; 0; 1; 1; 0; 0; 1; 0; 0; 0.422174239822; 0.0; 0.248880861769; 0.533361760612; 0.885367352196; 1.0; 0.228097335707; 0.236431037986; 0.898887844607; 0.432098121993; 0.0635786543232; JLM; 30; M; 2; PRI; 3; 2; 2; 
323; 0; 0; 1; 0; 0; 0; 0; 0; 1; 0; 0; 0.0; 0.0; 1.0; 0.742984660707; 0.502359795227; 0.501158447909; 0.0; 0.501396035877; 1.0; 0.0; 0.0; JLM; 60; M; S; PUB; 4; 4; 2; 
324; 0; 0; 0; 0; 0; 0; 0; 0; 1; 0; 0; 0.116120356217; None; None; 0.726298046; 0.127461155275; 0.131806942843; None; 0.134083471726; 1.0; 0.0347630572428; None; JLM; 30; M; S; AUT; 1; 3; 2; 
325; 0; 0; 0; 1; 0; 0; 0; 0; 1; 0; 0; 0.518338140098; 0.0; 0.0; 0.686705435477; 0.532771996024; 0.497110596836; 0.503731015784; 0.269393455249; 1.0; 0.0; 0.0435198869014; JLM; 40; F; S; PRI; 2; 3; 0; 
326; 0; 0; 0; 1; 1; 0; 0; 0; 1; 1; 0; 0.498923673956; 0.0330101615585; 0.0403593894901; 0.94764699095; 0.940918819998; 0.505083921617; 0.500221730734; 0.501489693654; 0.956816441786; 0.95856606852; 0.0492423233811; JLM; 18; F; 2; ETU; 3; 3; 3; 
327; 0; 0; 0; 1; 0; 0; 0; 1; 0; 1; 0; 0.0; 0.0; 0.494582444082; 1.0; 0.0; 0.0; 0.497990502233; 0.497306748358; 0.0; 1.0; 0.0; BH; 50; F; NSPP; PRI; 2; 3; 3; 
328; 0; 0; 0; 1; 1; 1; 0; 0; 1; 0; 0; None; None; 0.309014291365; 0.769759674731; 0.570960101409; 0.589315059981; None; None; 0.574988138671; None; None; BH; 30; F; S; PUB; 4; NSPP; 2; 
329; 0; 0; 0; 1; 0; 0; 0; 0; 0; 0; 0; 0.0; 0.0; 0.706437395078; 1.0; 0.491380420338; 0.477735606939; 0.0; 0.0; 0.488849131036; 0.0; 0.0; BH; 50; F; S; PUB; 2; 2; 2; 
330; 0; 0; 0; 0; 0; 0; 0; 0; 1; 0; 0; 0.0; 0.0; 0.0; 0.489904826146; 0.121442333774; 0.198754727582; 0.0; 0.0; 1.0; 0.0; 0.0; JLM; 50; M; 2; ART; 0; 3; 2; 
331; 0; 0; 1; 1; 0; 0; 0; 0; 0; 0; 0; 0.08209794934; 0.0; 0.716400116868; 0.975076056338; 0.641930932037; 0.502587984651; 0.203875071389; 0.503281646288; 0.624856505457; 0.210977522155; 0.0; BH; 30; F; 2; PRI; 3; 3; 3; 
332; 0; 0; 0; 1; 0; 1; 0; 0; 1; 0; 0; 0.0; 0.0; 0.0; 0.704828407945; None; 0.605124432263; None; None; 0.864013546309; None; 0.0; JLM; 30; M; S; NSPP; 3; 2; 2; 
333; 0; 0; 0; 1; 0; 0; 0; 0; 1; 0; 0; 0.131115686992; 0.0; 0.0; 0.94211951526; 0.777415355194; 0.778271571664; 0.492423432021; 0.666050268357; 0.974680845002; 0.419475949604; 0.0; JLM; 18; M; S; AUT; 3; 2; 1; 
334; 0; 0; 0; 1; 0; 0; 0; 0; 1; 0; 0; None; None; None; 0.820633788374; None; None; None; None; 0.986826550428; None; None; JLM; 18; F; S; ETU; 4; 4; 3; 
335; 0; 0; 0; 1; 0; 0; 0; 0; 1; 0; 0; 0.0; 0.0; 0.0; 1.0; 0.511158859206; 0.508082200081; 0.507451401852; 0.510640275457; 1.0; 0.499350640176; 0.0; JLM; 18; F; S; ETU; 3; 4; 1; 
336; 0; 1; 0; 0; 0; 0; 0; 0; 0; 0; 0; None; 0.998779929846; None; None; None; None; None; None; None; None; None; NSPP; NSPP; NSPP; NSPP; NSPP; NSPP; NSPP; NSPP; 
337; 0; 0; 1; 1; 0; 0; 0; 0; 0; 0; 0; 0.0227431377189; 0.0195394567611; 0.847762315054; 0.761797009682; 0.040123406259; 0.283937755784; 0.0; 0.0455969166206; 0.300883991639; 0.0560805961345; 0.0651037650164; EM; 60; F; S; RET; 4; 2; 2; 
338; 0; 0; 0; 1; 0; 0; 0; 0; 1; 0; 0; 0.0; 0.0; 0.0; 0.787255022065; 0.49726274158; 0.0; 0.0; 0.0; 1.0; 0.0; 0.0; JLM; 40; F; S; PUB; 3; 2; 2; 
339; 0; 0; 1; 0; 0; 0; 0; 0; 0; 0; 0; 0.0; 0.0; 1.0; 0.502529680322; 0.16524556856; 0.167354712651; 0.0; 0.0; 0.0; 0.0; 0.0; EM; 60; M; S; PUB; 3; 4; 2; 
340; 0; 0; 1; 1; 0; 0; 0; 0; 1; 0; 0; None; 0.0; 0.915417739506; 0.600966562572; None; 0.0823601541058; None; None; 0.54259991103; None; 0.0; EM; 30; M; S; PRI; 4; 3; 2; 
341; 0; 0; 1; 1; 0; 0; 0; 0; 0; 0; 0; 0.0; 0.0; 0.778644688048; 1.0; 0.120160441158; 0.115684114705; 0.0; None; 0.237617823749; 0.0; 0.00857478837413; EM; 40; F; S; PUB; 3; 3; 2; 
342; 0; 0; 0; 1; 0; 0; 0; 0; 1; 0; 0; 0.0; 0.0; 0.241511408119; 0.945157583657; 0.514384740283; 0.601398399512; 0.500452562511; 0.501680543563; 0.63023917913; 0.0351532471066; 0.0414915335249; JLM; 30; M; 2; PRI; 3; 4; NSPP; 
343; 1; 1; 0; 0; 1; 0; 0; 0; 0; 0; 0; 1.0; 0.788341315721; 0.0; 0.0; 0.760951915991; 0.0; 0.0; 0.0; 0.0; 0.0; 0.0; MLP; 18; F; S; PRI; 3; 0; 1; 
344; 0; 0; 1; 1; 0; 0; 0; 0; 0; 0; 0; 0.50507910621; 0.0; 1.0; 0.920011390482; 0.500091865295; 0.506033249996; 0.506135888049; 0.504638924314; 0.266395766749; 0.500039335226; 0.0; EM; 60; F; S; RET; NSPP; NSPP; NSPP; 
345; 1; 0; 1; 0; 0; 0; 0; 0; 1; 1; 0; 0.872058327075; 0.0; 0.979877760203; 0.502187599638; 0.0211256462807; 0.0343381447568; 0.119783897376; 0.133872789924; 0.543640488347; 0.875140126194; 0.0; EM; 50; F; 2; CHO; 4; 4; 1; 
346; 0; 0; 0; 1; 0; 1; 0; 0; 1; 0; 0; 0.0; 0.0; 0.266541704247; 0.839713315124; 0.6812719696; 1.0; 0.49884393719; 0.501636565682; 1.0; 0.499838523867; 0.0; NSPP; NSPP; NSPP; NSPP; NSPP; 1; 1; 4; 
347; 0; 0; 1; 1; 1; 1; 0; 0; 1; 0; 0; None; None; 0.319707368109; 0.980739358539; 0.502650565318; 0.398628829526; None; None; 0.801368173738; None; None; BH; 50; F; S; PRI; 3; 4; 2; 
348; 0; 0; 0; 1; 0; 0; 0; 0; 1; 0; 0; 0.490509693991; 0.0; 0.0; 1.0; 0.493813639372; None; 0.0; None; 1.0; None; 0.0342407332937; JLM; 18; F; 2; PRI; 3; 3; NSPP; 
349; 0; 0; 0; 1; 0; 1; 0; 0; 1; 0; 0; 0.0; 0.0; 0.49727755741; 1.0; 0.0; 0.590166682643; 0.49212134614; 0.0; 0.776420213504; 0.0; 0.0; JLM; 40; M; S; PRI; 3; 3; 2; 
350; 0; 0; 1; 1; 0; 0; 0; 0; 0; 0; 0; 0.0918916123616; 0.0; 0.915396683899; 0.530742118661; 0.34728445831; 0.267718079329; 0.0268728070584; 0.0982525047577; 0.425821219549; 0.0287730543207; 0.0; EM; 60; M; S; PUB; 2; 2; 3; 
351; 0; 0; 0; 1; 0; 0; 0; 1; 1; 0; 0; 0.0920668210939; 0.0; 0.204200035056; 0.939807607187; 0.66118192771; 0.662729971768; 0.497740698297; 0.821720689546; 0.846952825714; 0.504307486954; 0.0; BH; 40; M; S; PRI; 2; 4; 1; 
352; 0; 0; 0; 0; 0; 1; 1; 0; 1; 1; 0; 0.50607164189; 0.0; 0.000398943927258; 0.517631022359; 0.499540174046; 0.639398429691; 0.878395716993; 0.57711496691; 1.0; 0.865902044694; 0.0; JLM; 18; M; 2; PUB; 3; 2; 1; 
353; 0; 0; 1; 0; 0; 0; 0; 0; 1; 0; 0; 0.0; 0.0; 1.0; 0.0; 0.0; 0.0; 0.0; 0.0; 1.0; 0.0; 0.0; JLM; 40; F; S; PUB; 2; 2; 3; 
354; 0; 0; 0; 1; 0; 1; 0; 0; 0; 0; 0; 0.0; 0.0; 0.497364078723; 0.802174008675; 0.501584764079; 0.713955186962; 0.501082233604; 0.498722705125; 0.456858462245; 0.49674541779; 0.0; EM; 40; F; S; ART; 3; 3; 1; 
355; 0; 0; 1; 1; 0; 0; 0; 0; 0; 0; 0; 0.0; 0.0; 0.868518989605; 0.813174320585; 0.0; 0.0726420294919; 0.0; 0.0; 0.308979396995; 0.0; 0.412033783372; EM; 40; M; S; ART; 2; 4; 0; 
356; 0; 0; 0; 1; 1; 0; 0; 0; 1; 0; 0; 0.0649205387519; 0.0; 0.449299473784; 0.905350189005; 0.902870685281; 0.815284783077; 0.441220784681; 0.224309977397; 0.904153027335; 0.210228063797; 0.286290107618; BH; 40; F; S; PUB; 3; 3; 1; 
357; 0; 0; 0; 1; 0; 1; 0; 0; 1; 0; 0; 0.0; 0.0; 0.234448133407; 0.879300341689; 1.0; 1.0; 0.495099141997; 0.499258935596; 1.0; 0.0; 0.0; JLM; 40; M; S; PRI; 3; 2; 2; 
358; 0; 0; 1; 0; 1; 0; 0; 1; 1; 0; 0; None; 0.0; None; None; None; None; None; None; None; None; 0.0; JLM; 40; F; 2; CHO; 2; NSPP; NSPP; 
359; 1; 0; 0; 0; 0; 0; 0; 0; 0; 0; 0; 1.0; 0.623515593327; 0.423789431384; 0.0; 0.0213909833511; 0.0176269693828; 0.0236560399464; 0.0264266753914; 0.499448493792; 0.50936963101; 0.597909518101; NDA; 18; F; S; PRI; 3; 1; 3; 
360; 0; 0; 1; 1; 0; 0; 0; 0; 0; 0; 0; 0.120278340081; 0.0; 1.0; 0.923270505809; 0.301605356016; 0.266099423026; 0.491479837413; 0.650700438031; 0.75865758773; 0.776197407513; 0.624898657337; EM; 50; M; S; PRI; 2; 4; 3; 
361; 0; 0; 1; 1; 0; 0; 0; 0; 0; 0; 0; 0.173843508485; 0.0; 0.89052764581; 1.0; 0.0; 0.0; 0.0; 0.0; 0.0; 0.0; 0.618082494254; BH; 40; F; S; PUB; 3; 4; 2; 
362; 0; 0; 0; 1; 0; 0; 1; 0; 1; 0; 0; 0.211809623391; 0.0; 0.49750532888; 0.595113498527; 0.391743498005; 0.385083861465; 0.594399656039; 0.4983317499; 1.0; 0.200228611724; 0.200974224567; JLM; 18; M; S; PRI; 2; 4; 1; 
363; 0; 0; 0; 0; 0; 1; 0; 0; 1; 0; 0; 0.0354124533959; 0.0; 0.0; 0.464666759206; 0.705776435621; 0.94235760829; 0.0333470231174; 0.7476380658; 1.0; 0.0317261786247; 0.0301525314565; JLM; 30; F; S; PUB; 3; 1; 3; 
364; 1; 0; 0; 1; 1; 1; 0; 1; 1; 0; 0; 0.36728209259; 0.0; 0.459867931251; 0.807690946502; 0.537480774896; 0.560191979691; None; 0.649432635341; 0.949613776486; 0.0; 0.0; JLM; 50; F; 2; AUT; 2; 3; 2; 
365; 0; 0; 0; 0; 0; 1; 0; 0; 1; 0; 0; 0.0; 0.0; 0.0; 0.730193359778; 0.500648013334; 0.904770371367; 0.491472335524; 0.506019869803; 1.0; 0.497947164601; 0.0; JLM; 18; F; S; PRI; 3; 1; 3; 
366; 0; 0; 1; 1; 0; 0; 0; 0; 1; 0; 0; None; None; 0.78018353675; 1.0; None; None; None; None; 0.901742136409; None; None; BH; 50; M; S; PUB; 3; 3; 4; 
367; 0; 0; 1; 1; 0; 0; 0; 0; 0; 0; 0; None; 0.0; 0.841679027472; 0.682659247533; None; None; None; None; None; None; 0.105699676173; EM; 60; F; S; ART; 2; 2; 3; 
368; 0; 0; 1; 0; 0; 0; 0; 0; 0; 0; 1; 0.237231268709; 0.0; 1.0; 0.220377946872; 0.0; 0.0; 0.0604253224291; 0.0576340004514; 0.0; 0.0743729780161; 0.75605821781; EM; 60; M; S; ART; 3; 3; 2; 
369; 0; 0; 0; 0; 0; 0; 0; 0; 1; 0; 0; 0.104103294278; 0.0; None; 0.414779103896; 0.0998499598386; 0.106077826089; 0.103907932419; 0.106961717936; 1.0; 0.107662506078; 0.0; JLM; 18; F; S; ETU; 4; 2; 2; 
370; 0; 0; 1; 1; 0; 0; 0; 0; 0; 0; 0; None; None; 1.0; 0.699814851698; None; None; None; None; None; None; None; EM; 50; M; S; PUB; 3; 4; 3; 
371; 0; 0; 0; 1; 0; 0; 0; 0; 1; 1; 0; 0.602377011163; 0.0; 0.594218917758; 0.702045552462; 0.233193201611; 0.118406839646; 0.503993510356; 0.0; 0.730124892469; 0.577667720958; 0.0; JLM; 30; M; S; PRI; 3; 2; 2; 
372; 0; 0; 1; 1; 0; 0; 0; 0; 0; 0; 0; 0.0; 0.0; 0.778683304084; 0.89490617585; 0.501998210958; 0.53502520109; 0.223541816227; 0.287313166209; 0.531539851213; 0.502376703312; 0.0846063222618; EM; 30; F; S; PUB; 3; 2; 2; 
373; 0; 0; 0; 1; 0; 0; 0; 0; 1; 0; 0; 0.0; 0.0; 0.180724401269; 0.842796086396; 0.507200677189; 0.0; 0.0; 0.0; 0.921239218677; 0.0; 0.0; JLM; 30; F; S; PUB; 3; 4; 2; 
374; 0; 0; 1; 1; 0; 0; 0; 0; 0; 0; 0; 0.0; 0.0; 1.0; 1.0; 0.0; 0.0; 0.0; 0.0; 0.120688483818; 0.0; 0.0; B; 50; M; S; PRI; 3; 3; 2; 
375; 0; 0; 0; 0; 0; 0; 0; 1; 1; 0; 0; None; 0.0317153399999; None; None; None; None; None; 0.52690507522; 0.908149811794; None; 0.0332500580348; JLM; 18; M; S; ETU; 3; 2; 3; 
376; 0; 0; 0; 1; 0; 1; 0; 0; 1; 0; 0; 0.090065235401; 0.0192454018704; 0.443690026626; 0.851788307609; 0.500596532143; 0.783386237572; 0.325885480294; 0.374139983257; 0.962702885637; 0.218475414902; 0.0; JLM; 18; F; S; ETU; 3; 4; 2; 
377; 0; 0; 0; 1; 0; 1; 0; 0; 1; 0; 0; 0.0; 0.0; 0.0; 0.800724209044; 0.50554801988; 0.838063438494; 0.500654564605; 0.496434277081; 0.935166267066; 0.0; 0.0; JLM; 30; F; S; PUB; 3; 4; 1; 
378; 0; 0; 0; 0; 0; 0; 0; 0; 0; 0; 1; None; None; None; None; None; None; None; None; None; None; 1.0; FF; 70; M; S; PRI; 4; 0; 4; 
379; 0; 0; 1; 1; 0; 0; 0; 0; 1; 0; 0; None; 0.0; None; 0.697390160826; 0.581193464326; 0.582958488626; None; None; 0.734806224548; None; 0.0; JLM; 18; F; S; PUB; 3; 1; 2; 
380; 0; 0; 0; 0; 0; 0; 0; 1; 0; 0; 0; 0.506828822949; 0.0; 0.0; 0.0; 0.0; 0.0; 0.0; 0.505603057391; 0.0; 0.0; 0.0; JL; 70; F; S; RET; 3; 3; 2; 
381; 0; 0; 0; 1; 0; 1; 0; 0; 1; 0; 0; 0.0; 0.0; 0.488070448611; 0.957945182322; 0.0; 1.0; 0.0; 0.491380553596; 1.0; 0.0; 0.0; JLM; 30; M; S; PUB; 4; 2; 1; 
382; 0; 0; 1; 1; 0; 0; 0; 0; 0; 0; 0; 0.457598741276; 0.0420172025484; 0.951869906454; 0.830945714151; 0.0474796391522; 0.118664243949; 0.212752640339; 0.0; 0.452217684416; 0.0298358367292; 0.120375059835; EM; 50; F; S; PUB; 2; 3; 3; 
383; 0; 0; 0; 1; 0; 0; 0; 0; 1; 0; 0; 0.0; 0.0; 0.492065863568; 1.0; 0.496540932507; 1.0; 0.48498449758; 0.489108335762; 1.0; 0.492459675128; 0.0; BH; 30; F; S; ETU; 3; 4; 0; 
384; 0; 0; 0; 1; 0; 1; 0; 0; 1; 0; 0; 0.0; 0.0; 0.0; 0.731000236089; None; 0.746465199816; 0.0; 0.0; 0.564971168897; 0.0; 0.0; BH; 18; M; S; AUT; 2; 3; 1; 
385; 0; 0; 1; 0; 0; 0; 0; 0; 0; 0; 0; 0.0556917742447; 0.0; 1.0; 0.445138644647; 0.0; 0.0; 0.0; 0.416921120369; 0.0; 0.0; 0.315202197441; EM; 40; M; S; PRI; 2; 4; 1; 
386; 0; 0; 1; 0; 0; 0; 0; 0; 0; 0; 0; 0.0; 0.0; 0.972299379486; 0.604818022182; 0.0; 0.0; 0.0; 0.0; 0.0; 0.0; 0.0260093462576; EM; 50; F; S; PUB; 2; 3; 3; 
387; 0; 0; 0; 1; 0; 0; 0; 0; 0; 0; 0; 0.0; -0.0339943342776; 0.588951818468; 0.964260658509; 0.0226705578818; 0.0167188771671; 0.0311302102937; 0.03735834941; 0.628293815814; 0.0282645562465; 0.0187998734869; EM; 60; F; S; RET; 2; 3; 2; 
388; 0; 0; 0; 0; 0; 1; 0; 0; 1; 0; 0; 0.0; 0.0; 0.195296568773; 0.465096436957; 0.700272687509; 0.795707293712; 0.498419791883; 0.457536740811; 0.86491307175; 0.499876222903; 0.0; JLM; 18; F; S; CHO; 3; 3; 0; 
389; 0; 0; 0; 1; 0; 0; 0; 0; 0; 0; 0; 0.00623193690776; 0.0113609467456; 0.676491130144; 0.980267044259; 0.548049232984; 0.552093958359; 0.00979821316239; 0.503017749436; 0.562915987351; 0.0294767661616; 0.0290044599283; BH; 40; F; S; PUB; 2; 3; 1; 
390; 0; 0; 1; 0; 0; 0; 0; 0; 1; 0; 0; 0.504379627886; 0.509950967887; 0.965831968172; 0.502579793797; 0.500540099449; 0.5049918182; 0.493145321064; 0.497676322765; 0.941144335936; 0.508001705814; 0.497129863546; JLM; 60; NSPP; NSPP; NSPP; 4; 3; 3; 
391; 0; 0; 1; 1; 0; 0; 0; 0; 1; 0; 0; 0.256573603947; 0.0238696550305; 0.653091228584; 0.741549493835; None; None; None; None; 0.614265057572; None; 0.0; EM; 50; M; S; AUT; 3; 1; 3; 
392; 0; 0; 1; 1; 0; 0; 0; 0; 0; 0; 0; None; 0.0; 0.854996101362; 0.57875034038; None; None; None; None; 0.384529414183; None; 0.50100356647; EM; 30; M; S; PRI; 3; 2; 2; 
393; 0; 0; 1; 0; 0; 0; 0; 0; 0; 0; 1; 0.588289078033; 0.0; 1.0; 0.595366426298; 0.498026876602; 0.495498848249; 0.505106613799; 0.501754673504; 0.574228181648; 0.494168288198; 0.865948631073; EM; 40; F; S; PRI; 3; 3; 3; 
394; 0; 0; 0; 0; 0; 0; 0; 0; 1; 0; 0; 0.104876355319; 0.0; 0.083597567519; 0.0777472442756; 0.0682307401058; 0.920276256715; 0.0; 0.0; 1.0; 0.0; 0.514833358998; JLM; 60; F; 2; RET; 3; 0; 4; 
395; 0; 0; 1; 1; 0; 0; 0; 0; 1; 0; 0; 0.118950437318; 0.0503550475454; 0.658229944034; 0.936875287945; 0.318910224977; 0.50283017665; 0.50097499495; 0.501793252819; 0.865453016877; 0.054264580763; 0.0; BH; 18; M; S; ETU; 2; 4; 1; 
396; 0; 0; 1; 1; 0; 0; 0; 0; 1; 0; 0; 0.0; 0.0315074811014; 0.665222655949; 0.774359301222; 0.266974032743; 0.545520498258; 0.106406019713; 0.556453430552; 0.658051625164; 0.105775074012; 0.0402116218359; JLM; 30; M; S; ART; 4; 3; 0; 
397; 0; 0; 0; 0; 0; 1; 0; 0; 1; 0; 0; 0.051550134455; 0.0; 0.0; 0.261681868667; 0.0591914705689; 0.276770900284; 0.0141150083143; 0.0726764816992; 0.967895141836; 0.0226988233331; 0.0; JLM; 40; M; S; PRI; 3; 2; 3; 
398; 1; 0; 1; 0; 0; 0; 0; 0; 0; 0; 1; 0.856183748288; 0.0451297480256; 1.0; 0.503990426611; 0.512627681377; 0.101350062909; 0.49304925485; 0.500944018316; 0.504378083019; 0.209456177431; 0.871846714357; EM; 30; M; S; PRI; 2; 2; 2; 
399; 0; 0; 0; 1; 0; 0; 0; 0; 1; 0; 0; 0.0493159995018; 0.0; 0.349276497713; 0.763986266019; 0.221704674221; 0.347926132737; 0.0765769742679; 0.0766947376253; 0.776059962953; 0.0; 0.223879959003; JLM; 18; M; S; PUB; 3; 2; 1; 
400; 0; 0; 1; 0; 0; 0; 0; 0; 0; 0; 0; None; None; 0.71740849013; 0.527292440191; None; None; None; None; None; None; None; EM; 50; M; S; PUB; NSPP; 3; 2; 
401; 0; 0; 0; 1; 0; 1; 0; 0; 1; 0; 0; 0.498432179708; 0.0173991765465; 0.238861611688; 0.734427021149; 0.497820630627; 0.536883653569; 0.314944646807; 0.498859606844; 0.966277018363; 0.445973450975; 0.429063091354; JLM; 18; M; S; ETU; 2; 3; 3; 
402; 1; 0; 0; 1; 1; 0; 0; 0; 1; 0; 0; 0.613370810665; 0.191275892361; 0.501434128378; 0.544518843699; 0.653513989594; 0.320078040877; 0.0528277788515; 0.0; 1.0; 0.0872120308434; 0.0; JLM; 18; M; S; PUB; 3; 3; 2; 
403; 0; 0; 1; 1; 1; 0; 0; 0; 0; 0; 0; 0.0; 0.0; 1.0; 1.0; 1.0; 0.382435136122; 0.826152930853; 0.809938635263; 0.811035941237; 0.0; 0.0; EM; 70; F; S; RET; 0; 2; 4; 
404; 0; 0; 0; 1; 0; 0; 0; 0; 1; 0; 0; 0.060336799933; 0.0; 0.0597594463827; 1.0; 0.76043123244; 0.762738807838; 0.0893886262347; 0.0954379128985; 1.0; 0.0967762084656; 0.0; JLM; 18; M; S; ART; 3; 3; 0; 
405; 0; 0; 1; 1; 1; 0; 0; 0; 0; 0; 0; 0.0; 0.0; 1.0; 1.0; 0.622849061634; 0.549054989746; 0.0; 0.0; 0.277473690569; 0.0; 0.0; EM; 40; F; S; AUT; 4; 4; 1; 
406; 0; 0; 0; 1; 0; 0; 0; 0; 1; 0; 0; 0.0; 0.0; 0.404866247065; 1.0; 0.500945077983; 0.599678695413; 0.504125619912; 0.0; 1.0; 0.496500053626; 0.0; JLM; 18; F; S; PUB; 3; 4; 0; 
407; 0; 0; 0; 1; 0; 1; 0; 0; 1; 1; 0; 0.0; 0.0; 0.0; 0.756267623405; 0.741660193794; 0.745002660516; None; 0.749748918581; 1.0; 0.737630645219; 0.0; JLM; 60; F; 2; RET; 4; 4; 0; 
